transaction_id,customer_id,transaction_date,amount,channel
TX0000001,C00034,2025-08-10,1436.97,branch
TX0000002,C00071,2025-06-10,232.77,branch
TX0000003,C00010,2024-08-17,1166.82,branch
TX0000004,C00350,2025-01-22,1212.43,branch
TX0000005,C00404,2025-12-23,86.41,branch
TX0000006,C00108,2024-08-29,768.64,online
TX0000007,C00389,2025-11-18,1776.98,pos
TX0000008,C00218,2024-09-26,812.57,pos
TX0000009,C00438,2026-02-09,1872.41,online
TX0000010,C00287,2026-04-09,35.66,branch
TX0000011,C00256,2024-09-10,488.61,online
TX0000012,C00291,2024-11-09,802.16,pos
TX0000013,C00057,2024-12-18,966.12,pos
TX0000014,C00276,2026-02-06,1782.67,online
TX0000015,C00482,2025-12-05,466.68,online
TX0000016,C00415,2024-10-14,1062.78,branch
TX0000017,C00243,2025-04-14,799.71,online
TX0000018,C00012,2024-05-28,426.31,pos
TX0000019,C00074,2025-01-19,1333.57,branch
TX0000020,C00079,2025-05-12,1804.74,online
TX0000021,C00184,2025-12-12,357.7,online
TX0000022,C00155,2025-09-29,742.64,branch
TX0000023,C00470,2025-05-06,1335.06,pos
TX0000024,C00417,2025-07-04,921.67,branch
TX0000025,C00458,2026-01-22,1836.67,online
TX0000026,C00151,2025-09-30,544.08,online
TX0000027,C00314,2025-10-02,1118.61,pos
TX0000028,C00278,2024-08-17,235.79,online
TX0000029,C00353,2025-11-23,1697.62,pos
TX0000030,C00382,2026-04-14,703.41,branch
TX0000031,C00212,2026-03-30,769.28,branch
TX0000032,C00499,2025-11-08,1007.6,pos
TX0000033,C00040,2025-08-16,764.35,branch
TX0000034,C00016,2025-04-05,1339.67,branch
TX0000035,C00383,2024-11-11,498.04,online
TX0000036,C00063,2025-11-14,1314.56,pos
TX0000037,C00043,2025-11-15,1657.64,online
TX0000038,C00431,2024-05-04,602.81,online
TX0000039,C00445,2024-08-20,1952.91,branch
TX0000040,C00107,2025-02-14,823.4,online
TX0000041,C00313,2025-08-17,158.42,online
TX0000042,C00040,2025-09-18,114.03,online
TX0000043,C00356,2024-08-28,1081.28,pos
TX0000044,C00196,2025-07-30,1705.73,pos
TX0000045,C00449,2024-09-26,224.74,branch
TX0000046,C00378,2024-07-13,557.55,pos
TX0000047,C00147,2025-12-03,1021.14,branch
TX0000048,C00448,2024-10-28,1966.74,pos
TX0000049,C00154,2025-08-28,1067.62,online
TX0000050,C00036,2024-08-31,1508.39,online
TX0000051,C00243,2025-07-26,988.22,pos
TX0000052,C00143,2024-08-09,837.2,online
TX0000053,C00101,2024-04-29,827.69,online
TX0000054,C00446,2025-08-11,964.25,branch
TX0000055,C00315,2025-01-04,1364.7,online
TX0000056,C00340,2025-11-27,1479.71,branch
TX0000057,C00457,2025-01-09,1073.9,pos
TX0000058,C00102,2024-05-14,1733.92,branch
TX0000059,C00250,2025-01-04,33.78,pos
TX0000060,C00067,2024-08-27,185.41,pos
TX0000061,C00482,2026-04-11,1703.62,online
TX0000062,C00400,2025-12-24,606.85,branch
TX0000063,C00379,2024-09-25,1484.36,online
TX0000064,C00082,2025-02-10,1764.56,branch
TX0000065,C00488,2025-10-27,84.32,branch
TX0000066,C00353,2026-02-01,1198.63,branch
TX0000067,C00080,2025-07-04,1940.99,branch
TX0000068,C00253,2026-02-07,1824.88,online
TX0000069,C00435,2024-07-05,1584.05,branch
TX0000070,C00421,2025-05-23,107.2,branch
TX0000071,C00013,2025-07-14,606.28,pos
TX0000072,C00154,2024-12-09,1700.39,branch
TX0000073,C00268,2025-10-10,1484.43,pos
TX0000074,C00248,2025-02-24,657.14,online
TX0000075,C00440,2024-06-24,765.79,online
TX0000076,C00374,2024-08-10,117.31,pos
TX0000077,C00353,2024-12-03,1500.71,pos
TX0000078,C00234,2025-11-24,1853.82,online
TX0000079,C00476,2024-06-13,273.44,pos
TX0000080,C00077,2026-03-18,823.62,pos
TX0000081,C00197,2025-11-27,479.22,online
TX0000082,C00395,2024-11-09,132.76,branch
TX0000083,C00132,2024-10-15,1204.7,branch
TX0000084,C00491,2025-05-17,130.02,branch
TX0000085,C00271,2024-12-28,1035.13,pos
TX0000086,C00090,2025-04-20,422.78,branch
TX0000087,C00069,2025-12-20,1751.37,online
TX0000088,C00493,2025-07-27,39.91,pos
TX0000089,C00066,2024-10-01,1015.9,pos
TX0000090,C00455,2025-11-06,760.22,online
TX0000091,C00201,2025-06-23,695.66,branch
TX0000092,C00446,2025-05-21,1801.53,online
TX0000093,C00322,2024-08-06,968.7,online
TX0000094,C00433,2026-02-03,141.47,branch
TX0000095,C00421,2025-11-25,807.14,branch
TX0000096,C00172,2026-02-20,940.31,pos
TX0000097,C00021,2025-01-23,671.86,online
TX0000098,C00126,2024-11-19,208.99,branch
TX0000099,C00384,2025-12-12,166.51,branch
TX0000100,C00003,2024-11-15,1543.96,pos
TX0000101,C00235,2026-03-13,1019.38,branch
TX0000102,C00386,2025-10-03,1244.21,pos
TX0000103,C00401,2024-11-06,897.72,branch
TX0000104,C00014,2025-08-08,775.68,branch
TX0000105,C00105,2024-08-24,1428.85,online
TX0000106,C00252,2025-02-18,714.4,branch
TX0000107,C00401,2025-06-18,33.13,online
TX0000108,C00355,2026-01-28,1617.18,branch
TX0000109,C00142,2024-09-02,672.71,online
TX0000110,C00442,2024-05-29,1319.54,online
TX0000111,C00053,2026-01-28,756.58,online
TX0000112,C00481,2024-11-14,630.67,online
TX0000113,C00202,2024-08-29,1173.87,online
TX0000114,C00330,2024-10-26,1729.05,pos
TX0000115,C00401,2025-11-04,265.72,branch
TX0000116,C00492,2024-11-15,131.25,branch
TX0000117,C00400,2026-04-06,1385.33,online
TX0000118,C00169,2024-06-17,1275.61,pos
TX0000119,C00135,2024-04-30,1039.74,pos
TX0000120,C00226,2025-11-08,540.33,pos
TX0000121,C00366,2025-12-20,1571.06,pos
TX0000122,C00499,2026-02-23,1308.25,pos
TX0000123,C00380,2024-07-25,292.3,branch
TX0000124,C00416,2024-10-26,441.53,branch
TX0000125,C00482,2025-09-04,314.65,branch
TX0000126,C00054,2026-03-22,1040.82,branch
TX0000127,C00071,2024-08-27,822.86,online
TX0000128,C00352,2025-02-07,1647.76,online
TX0000129,C00426,2025-01-18,959.19,pos
TX0000130,C00399,2025-08-16,1386.83,pos
TX0000131,C00495,2024-10-22,711.0,branch
TX0000132,C00094,2024-05-29,550.43,pos
TX0000133,C00305,2025-03-30,1731.78,pos
TX0000134,C00264,2025-09-27,1861.68,online
TX0000135,C00332,2025-12-29,1031.92,online
TX0000136,C00148,2025-10-09,1178.02,pos
TX0000137,C00037,2025-02-13,341.44,pos
TX0000138,C00380,2024-06-05,1542.77,branch
TX0000139,C00095,2025-02-08,481.78,branch
TX0000140,C00445,2025-02-12,1034.25,branch
TX0000141,C00326,2024-08-01,363.07,online
TX0000142,C00380,2026-04-13,871.52,online
TX0000143,C00208,2025-12-21,1880.89,branch
TX0000144,C00081,2026-02-16,756.49,pos
TX0000145,C00098,2025-10-08,1031.19,pos
TX0000146,C00065,2025-10-22,1560.47,pos
TX0000147,C00291,2024-11-03,447.26,online
TX0000148,C00211,2025-09-06,234.52,branch
TX0000149,C00047,2024-07-05,1351.2,online
TX0000150,C00203,2024-09-17,47.16,pos
TX0000151,C00072,2025-12-06,1537.65,online
TX0000152,C00478,2026-01-28,188.66,pos
TX0000153,C00411,2025-10-17,388.58,online
TX0000154,C00254,2026-04-02,1280.13,branch
TX0000155,C00306,2025-03-03,1861.56,online
TX0000156,C00475,2025-10-13,1979.4,pos
TX0000157,C00289,2025-09-14,1381.18,branch
TX0000158,C00054,2024-06-29,1004.55,online
TX0000159,C00439,2025-12-29,1533.08,branch
TX0000160,C00097,2025-11-12,562.94,pos
TX0000161,C00281,2025-09-21,1584.47,branch
TX0000162,C00292,2025-01-20,1404.55,pos
TX0000163,C00290,2025-04-09,925.01,branch
TX0000164,C00063,2024-06-02,569.16,branch
TX0000165,C00020,2026-01-18,1296.59,online
TX0000166,C00042,2024-12-31,718.69,pos
TX0000167,C00219,2026-01-29,152.4,branch
TX0000168,C00022,2025-04-14,599.84,pos
TX0000169,C00144,2026-02-10,411.38,online
TX0000170,C00243,2025-09-02,1015.76,branch
TX0000171,C00043,2026-02-22,729.44,pos
TX0000172,C00190,2025-03-15,768.36,pos
TX0000173,C00471,2024-08-08,316.05,online
TX0000174,C00056,2025-09-08,1263.28,online
TX0000175,C00383,2024-12-22,621.28,online
TX0000176,C00074,2025-09-25,515.29,branch
TX0000177,C00127,2024-06-17,1437.01,pos
TX0000178,C00496,2025-04-25,1175.61,branch
TX0000179,C00470,2024-11-28,849.94,online
TX0000180,C00267,2024-08-20,1655.27,branch
TX0000181,C00462,2025-08-17,1687.39,branch
TX0000182,C00196,2024-08-06,1025.91,branch
TX0000183,C00320,2024-10-15,1913.83,pos
TX0000184,C00191,2025-05-28,682.31,branch
TX0000185,C00361,2026-03-10,1760.27,branch
TX0000186,C00011,2025-10-15,858.72,branch
TX0000187,C00039,2025-03-21,1108.81,online
TX0000188,C00416,2024-10-01,133.63,branch
TX0000189,C00476,2024-08-08,180.68,pos
TX0000190,C00179,2025-08-16,1104.46,branch
TX0000191,C00014,2024-11-18,1454.54,branch
TX0000192,C00492,2025-05-04,1371.0,online
TX0000193,C00412,2025-06-28,1533.16,branch
TX0000194,C00324,2025-08-30,1927.14,online
TX0000195,C00106,2024-09-07,1228.11,branch
TX0000196,C00483,2025-11-05,1906.37,online
TX0000197,C00378,2024-10-31,311.22,online
TX0000198,C00221,2025-11-03,1011.01,branch
TX0000199,C00460,2024-12-05,1158.91,branch
TX0000200,C00078,2025-06-10,1125.14,online
TX0000201,C00023,2026-03-01,51.28,pos
TX0000202,C00117,2024-12-06,300.68,pos
TX0000203,C00133,2024-06-26,1401.71,pos
TX0000204,C00181,2025-10-20,1241.36,pos
TX0000205,C00374,2025-01-26,1045.05,pos
TX0000206,C00072,2024-12-11,1118.56,online
TX0000207,C00202,2024-07-03,144.28,pos
TX0000208,C00194,2025-11-17,1520.03,branch
TX0000209,C00071,2026-01-14,1068.47,pos
TX0000210,C00308,2025-06-07,216.53,pos
TX0000211,C00385,2026-02-01,1486.11,online
TX0000212,C00210,2024-11-24,126.31,online
TX0000213,C00388,2024-10-01,1724.79,pos
TX0000214,C00255,2024-05-21,828.54,online
TX0000215,C00016,2026-01-14,480.13,online
TX0000216,C00355,2025-07-02,336.78,online
TX0000217,C00317,2024-07-26,1550.28,online
TX0000218,C00291,2025-05-07,420.94,online
TX0000219,C00481,2024-07-17,1847.5,branch
TX0000220,C00284,2026-02-16,898.8,pos
TX0000221,C00143,2025-12-26,717.31,online
TX0000222,C00097,2025-04-11,36.87,pos
TX0000223,C00321,2024-05-04,1802.5,online
TX0000224,C00255,2025-02-22,1727.72,online
TX0000225,C00262,2024-12-26,1052.93,branch
TX0000226,C00102,2025-09-13,473.65,online
TX0000227,C00079,2024-07-02,854.76,branch
TX0000228,C00043,2025-12-26,357.26,branch
TX0000229,C00355,2024-06-12,1273.67,branch
TX0000230,C00457,2025-01-16,926.48,branch
TX0000231,C00098,2024-10-05,1258.15,online
TX0000232,C00375,2024-08-13,1925.33,branch
TX0000233,C00349,2026-02-15,895.78,online
TX0000234,C00442,2025-10-01,149.39,pos
TX0000235,C00450,2025-01-23,1760.22,branch
TX0000236,C00315,2024-09-12,665.35,pos
TX0000237,C00340,2024-09-03,1963.48,branch
TX0000238,C00182,2024-11-19,535.28,online
TX0000239,C00342,2025-03-31,1702.98,branch
TX0000240,C00110,2025-05-04,221.17,online
TX0000241,C00329,2024-05-15,1365.99,branch
TX0000242,C00218,2025-01-05,1278.68,branch
TX0000243,C00136,2026-02-22,629.72,pos
TX0000244,C00312,2024-07-06,1352.49,pos
TX0000245,C00037,2025-01-31,703.23,online
TX0000246,C00465,2026-03-23,423.29,online
TX0000247,C00113,2026-02-16,1103.38,online
TX0000248,C00317,2024-07-19,42.56,pos
TX0000249,C00291,2024-09-07,1641.78,branch
TX0000250,C00102,2024-08-20,177.79,online
TX0000251,C00098,2024-05-06,1232.02,pos
TX0000252,C00290,2024-10-21,666.99,online
TX0000253,C00152,2026-02-10,9.58,branch
TX0000254,C00231,2024-12-19,1858.97,branch
TX0000255,C00428,2024-07-09,47.24,pos
TX0000256,C00200,2026-02-17,958.81,online
TX0000257,C00227,2025-09-02,1514.63,branch
TX0000258,C00481,2025-07-26,901.26,branch
TX0000259,C00004,2024-11-08,465.03,pos
TX0000260,C00209,2025-06-05,1897.57,pos
TX0000261,C00294,2024-09-28,84.95,branch
TX0000262,C00238,2024-06-18,1228.61,online
TX0000263,C00332,2026-01-20,1260.68,online
TX0000264,C00328,2025-01-08,695.48,branch
TX0000265,C00315,2025-10-25,589.6,online
TX0000266,C00161,2025-01-29,1156.52,online
TX0000267,C00184,2024-12-14,1436.21,branch
TX0000268,C00022,2024-11-08,282.29,online
TX0000269,C00419,2025-01-20,1193.75,branch
TX0000270,C00275,2024-10-27,1587.87,branch
TX0000271,C00189,2025-06-09,1372.04,branch
TX0000272,C00140,2025-11-10,1139.64,branch
TX0000273,C00041,2026-01-19,1166.99,branch
TX0000274,C00337,2025-01-29,432.2,online
TX0000275,C00482,2025-01-27,1290.22,branch
TX0000276,C00261,2025-05-12,1722.49,pos
TX0000277,C00250,2025-02-15,1549.78,online
TX0000278,C00034,2025-03-25,1226.82,pos
TX0000279,C00494,2025-01-26,1913.43,pos
TX0000280,C00294,2024-12-31,1019.03,online
TX0000281,C00168,2024-10-07,554.25,pos
TX0000282,C00325,2025-05-09,1467.07,online
TX0000283,C00027,2024-07-05,969.22,branch
TX0000284,C00427,2024-10-13,1990.59,branch
TX0000285,C00442,2024-06-21,896.71,pos
TX0000286,C00019,2024-08-19,147.29,online
TX0000287,C00227,2025-03-01,737.15,pos
TX0000288,C00108,2025-07-27,1056.92,branch
TX0000289,C00107,2024-08-30,377.87,branch
TX0000290,C00457,2026-01-20,1932.64,pos
TX0000291,C00471,2025-05-10,1865.68,branch
TX0000292,C00100,2024-08-05,1885.14,branch
TX0000293,C00011,2026-02-18,1760.21,online
TX0000294,C00162,2026-01-27,1315.64,pos
TX0000295,C00388,2025-03-24,513.3,branch
TX0000296,C00311,2024-10-13,1223.73,branch
TX0000297,C00054,2024-06-17,343.54,pos
TX0000298,C00098,2026-02-07,1514.81,online
TX0000299,C00377,2024-09-18,1956.63,online
TX0000300,C00086,2025-05-01,1269.06,branch
TX0000301,C00047,2025-11-11,701.68,pos
TX0000302,C00244,2025-12-15,480.53,branch
TX0000303,C00496,2024-11-15,1206.3,pos
TX0000304,C00226,2026-02-07,1236.3,branch
TX0000305,C00383,2025-08-09,1796.77,pos
TX0000306,C00256,2026-02-07,1006.59,online
TX0000307,C00287,2025-05-23,772.57,online
TX0000308,C00022,2025-10-08,1343.05,branch
TX0000309,C00188,2026-02-23,112.9,online
TX0000310,C00498,2026-02-01,793.41,online
TX0000311,C00017,2025-06-21,1161.78,branch
TX0000312,C00252,2025-11-24,1424.08,pos
TX0000313,C00217,2025-10-09,41.37,pos
TX0000314,C00070,2025-01-27,779.66,pos
TX0000315,C00011,2026-02-18,1854.92,branch
TX0000316,C00440,2025-07-27,1938.96,online
TX0000317,C00128,2025-09-12,1428.19,online
TX0000318,C00228,2024-08-29,1744.19,online
TX0000319,C00157,2024-10-05,123.78,pos
TX0000320,C00188,2024-09-20,83.69,pos
TX0000321,C00453,2025-07-29,1841.16,pos
TX0000322,C00218,2024-12-25,14.08,pos
TX0000323,C00317,2025-08-31,1549.52,branch
TX0000324,C00404,2026-01-04,1486.65,online
TX0000325,C00282,2024-07-21,1629.34,pos
TX0000326,C00235,2024-07-30,171.52,pos
TX0000327,C00412,2024-08-31,715.54,branch
TX0000328,C00341,2025-08-09,1838.21,online
TX0000329,C00490,2025-12-24,1966.73,pos
TX0000330,C00001,2026-01-18,443.91,pos
TX0000331,C00437,2024-10-13,1424.17,pos
TX0000332,C00340,2024-08-28,177.36,pos
TX0000333,C00335,2026-02-20,732.71,pos
TX0000334,C00129,2026-03-24,959.86,branch
TX0000335,C00081,2025-06-26,975.43,online
TX0000336,C00139,2025-06-22,1957.45,online
TX0000337,C00196,2025-07-15,1881.34,online
TX0000338,C00228,2024-07-31,1970.56,online
TX0000339,C00137,2024-09-04,1309.91,branch
TX0000340,C00158,2025-09-28,1107.54,branch
TX0000341,C00384,2025-02-04,187.01,pos
TX0000342,C00290,2025-04-12,1903.98,branch
TX0000343,C00282,2026-01-29,1938.28,online
TX0000344,C00358,2025-08-08,277.88,online
TX0000345,C00363,2024-08-12,1440.37,online
TX0000346,C00217,2025-03-30,454.08,online
TX0000347,C00360,2024-05-27,1484.23,online
TX0000348,C00323,2025-09-29,1757.68,branch
TX0000349,C00495,2024-11-15,1765.26,pos
TX0000350,C00145,2025-12-30,1305.08,pos
TX0000351,C00362,2025-12-15,1998.65,pos
TX0000352,C00049,2024-07-01,542.2,pos
TX0000353,C00366,2024-06-03,1587.06,pos
TX0000354,C00372,2025-11-24,1930.62,pos
TX0000355,C00250,2024-09-14,1716.06,pos
TX0000356,C00108,2024-07-20,1540.86,pos
TX0000357,C00279,2024-10-28,1118.28,pos
TX0000358,C00276,2025-07-26,530.99,online
TX0000359,C00028,2025-09-28,973.65,branch
TX0000360,C00487,2025-10-23,1649.14,online
TX0000361,C00055,2025-02-27,648.17,pos
TX0000362,C00370,2026-03-10,1757.86,branch
TX0000363,C00330,2024-06-27,1691.37,branch
TX0000364,C00333,2025-04-22,1494.62,branch
TX0000365,C00093,2025-04-15,1317.11,online
TX0000366,C00290,2025-07-22,1560.58,branch
TX0000367,C00034,2026-04-07,1509.58,pos
TX0000368,C00252,2024-12-28,138.28,branch
TX0000369,C00019,2026-02-08,1729.15,branch
TX0000370,C00249,2024-06-01,1144.58,pos
TX0000371,C00241,2025-05-06,1930.9,branch
TX0000372,C00048,2024-05-14,743.75,branch
TX0000373,C00099,2025-08-03,1337.86,branch
TX0000374,C00304,2024-12-20,168.35,pos
TX0000375,C00498,2024-10-11,118.2,pos
TX0000376,C00251,2025-10-12,1544.48,online
TX0000377,C00277,2025-12-10,1605.34,online
TX0000378,C00022,2024-06-24,1069.34,pos
TX0000379,C00365,2024-07-25,355.51,branch
TX0000380,C00475,2025-09-06,1811.08,pos
TX0000381,C00067,2025-08-08,124.32,branch
TX0000382,C00223,2024-12-23,1096.35,branch
TX0000383,C00107,2024-08-27,900.76,online
TX0000384,C00301,2025-05-13,1480.43,branch
TX0000385,C00275,2024-07-03,504.42,online
TX0000386,C00050,2025-04-13,986.13,online
TX0000387,C00467,2024-12-25,1648.76,online
TX0000388,C00156,2025-05-20,877.27,branch
TX0000389,C00352,2025-06-03,490.26,pos
TX0000390,C00285,2024-11-30,410.67,branch
TX0000391,C00420,2025-12-13,1034.39,online
TX0000392,C00270,2024-06-12,1487.21,pos
TX0000393,C00150,2025-12-19,397.23,pos
TX0000394,C00228,2025-01-03,701.77,pos
TX0000395,C00290,2026-01-07,485.88,branch
TX0000396,C00214,2025-05-12,1279.53,online
TX0000397,C00411,2025-04-14,971.39,pos
TX0000398,C00146,2025-08-10,167.68,online
TX0000399,C00337,2025-11-22,442.98,branch
TX0000400,C00150,2025-11-18,913.56,online
TX0000401,C00052,2026-03-03,1070.82,online
TX0000402,C00397,2025-08-18,449.82,pos
TX0000403,C00040,2024-10-14,958.92,pos
TX0000404,C00474,2026-04-12,1626.56,pos
TX0000405,C00322,2025-05-28,1763.29,pos
TX0000406,C00400,2025-01-05,1216.81,pos
TX0000407,C00256,2025-11-19,1522.72,pos
TX0000408,C00412,2025-07-01,767.26,branch
TX0000409,C00274,2026-03-18,1511.89,pos
TX0000410,C00375,2025-04-06,1180.97,online
TX0000411,C00414,2025-08-09,1320.17,pos
TX0000412,C00289,2025-05-29,1656.85,online
TX0000413,C00162,2025-06-12,1437.96,branch
TX0000414,C00448,2024-08-17,10.79,branch
TX0000415,C00092,2025-12-04,332.56,pos
TX0000416,C00442,2024-04-28,1822.28,pos
TX0000417,C00219,2025-04-17,1255.99,branch
TX0000418,C00187,2024-09-20,1287.45,pos
TX0000419,C00019,2025-05-16,1992.69,online
TX0000420,C00402,2026-04-16,522.83,branch
TX0000421,C00428,2024-10-25,906.01,branch
TX0000422,C00185,2025-06-20,1099.91,online
TX0000423,C00184,2025-12-07,1907.33,pos
TX0000424,C00213,2026-04-01,77.33,pos
TX0000425,C00068,2024-05-02,712.87,pos
TX0000426,C00409,2025-11-11,902.32,branch
TX0000427,C00134,2024-06-01,1035.9,online
TX0000428,C00484,2024-06-12,1734.72,online
TX0000429,C00226,2025-05-25,1031.98,branch
TX0000430,C00345,2025-03-27,375.58,branch
TX0000431,C00268,2026-03-06,905.1,online
TX0000432,C00290,2025-07-16,1310.97,online
TX0000433,C00332,2024-10-16,1669.14,online
TX0000434,C00266,2024-09-21,1740.01,pos
TX0000435,C00358,2024-11-23,343.49,online
TX0000436,C00385,2024-07-19,857.08,pos
TX0000437,C00043,2025-08-29,96.32,pos
TX0000438,C00284,2025-10-09,639.11,branch
TX0000439,C00286,2025-02-26,1083.38,branch
TX0000440,C00128,2024-08-26,971.11,online
TX0000441,C00462,2025-12-24,1254.32,online
TX0000442,C00037,2025-06-25,1972.57,branch
TX0000443,C00485,2026-03-09,979.56,pos
TX0000444,C00131,2025-09-29,475.32,pos
TX0000445,C00229,2024-09-03,575.02,branch
TX0000446,C00447,2024-09-04,1513.92,pos
TX0000447,C00038,2025-10-05,428.88,pos
TX0000448,C00124,2025-04-24,1327.44,online
TX0000449,C00166,2024-10-19,1789.25,pos
TX0000450,C00116,2025-06-08,1828.76,branch
TX0000451,C00032,2025-11-19,856.8,online
TX0000452,C00177,2025-05-11,891.82,online
TX0000453,C00073,2025-03-20,750.14,pos
TX0000454,C00134,2025-03-30,1408.7,pos
TX0000455,C00098,2026-01-06,934.54,pos
TX0000456,C00248,2024-11-22,894.32,online
TX0000457,C00159,2024-11-29,440.76,pos
TX0000458,C00500,2024-12-03,475.11,online
TX0000459,C00248,2025-05-07,1167.81,branch
TX0000460,C00056,2024-05-08,1120.48,pos
TX0000461,C00456,2024-10-21,498.55,online
TX0000462,C00482,2025-08-01,1850.25,pos
TX0000463,C00020,2024-09-15,481.52,pos
TX0000464,C00055,2025-01-12,1579.09,pos
TX0000465,C00315,2024-09-15,395.17,pos
TX0000466,C00218,2024-05-22,547.45,branch
TX0000467,C00495,2024-09-22,1301.29,branch
TX0000468,C00335,2026-02-13,1660.32,branch
TX0000469,C00409,2025-07-22,573.28,pos
TX0000470,C00208,2024-08-23,1296.45,online
TX0000471,C00467,2025-06-19,1177.69,branch
TX0000472,C00075,2025-12-24,61.77,pos
TX0000473,C00062,2024-05-01,889.81,branch
TX0000474,C00232,2026-02-08,1046.97,branch
TX0000475,C00153,2024-08-08,1678.63,branch
TX0000476,C00332,2024-12-25,143.5,branch
TX0000477,C00069,2026-03-30,1479.52,branch
TX0000478,C00262,2025-11-22,661.88,branch
TX0000479,C00070,2025-05-25,1780.24,pos
TX0000480,C00176,2025-08-17,1630.01,pos
TX0000481,C00438,2024-10-02,286.62,branch
TX0000482,C00409,2024-08-09,607.95,online
TX0000483,C00271,2026-03-16,1585.25,pos
TX0000484,C00461,2025-04-10,96.94,online
TX0000485,C00171,2024-08-29,1090.68,branch
TX0000486,C00495,2025-03-22,367.94,branch
TX0000487,C00200,2025-05-15,927.24,pos
TX0000488,C00476,2024-08-08,1033.47,pos
TX0000489,C00382,2025-09-29,1412.53,branch
TX0000490,C00085,2025-12-31,898.21,branch
TX0000491,C00196,2024-12-31,1014.76,online
TX0000492,C00363,2025-07-21,84.26,online
TX0000493,C00498,2025-11-14,1328.68,pos
TX0000494,C00214,2025-08-26,231.38,pos
TX0000495,C00047,2026-04-12,452.82,pos
TX0000496,C00095,2025-10-23,108.55,pos
TX0000497,C00338,2025-10-21,1183.86,online
TX0000498,C00147,2025-08-18,114.86,branch
TX0000499,C00390,2026-02-15,606.72,online
TX0000500,C00141,2024-06-10,1220.21,online
TX0000501,C00230,2025-11-23,670.05,branch
TX0000502,C00377,2025-08-28,692.2,pos
TX0000503,C00497,2024-06-26,599.75,online
TX0000504,C00225,2025-12-11,486.81,pos
TX0000505,C00384,2025-07-31,1933.37,pos
TX0000506,C00266,2025-03-22,1514.89,branch
TX0000507,C00197,2024-10-19,1876.26,online
TX0000508,C00085,2024-08-12,1391.74,branch
TX0000509,C00279,2026-03-09,882.79,branch
TX0000510,C00387,2025-05-02,1368.86,branch
TX0000511,C00198,2024-10-03,185.88,online
TX0000512,C00325,2024-12-12,1627.94,pos
TX0000513,C00300,2026-04-07,741.38,branch
TX0000514,C00343,2024-05-18,703.51,pos
TX0000515,C00253,2025-01-09,618.76,online
TX0000516,C00162,2025-05-03,383.28,online
TX0000517,C00174,2025-07-09,436.7,pos
TX0000518,C00100,2026-01-01,1027.65,branch
TX0000519,C00299,2025-01-17,1062.76,online
TX0000520,C00262,2026-04-10,1333.77,branch
TX0000521,C00164,2024-11-20,874.65,pos
TX0000522,C00077,2025-01-08,1025.71,pos
TX0000523,C00442,2024-10-11,1168.91,branch
TX0000524,C00017,2024-07-21,152.29,pos
TX0000525,C00268,2026-04-15,1943.06,branch
TX0000526,C00095,2025-03-06,125.81,online
TX0000527,C00101,2024-07-09,318.02,online
TX0000528,C00099,2025-03-13,1078.05,branch
TX0000529,C00365,2025-02-21,1235.0,online
TX0000530,C00222,2025-11-30,19.22,online
TX0000531,C00145,2024-09-06,1359.66,online
TX0000532,C00476,2025-05-28,213.6,branch
TX0000533,C00061,2026-03-10,1050.2,pos
TX0000534,C00063,2024-09-07,1522.65,pos
TX0000535,C00200,2024-08-31,142.94,online
TX0000536,C00129,2026-04-01,1262.98,branch
TX0000537,C00148,2024-06-18,1375.63,pos
TX0000538,C00427,2024-12-23,1065.7,online
TX0000539,C00429,2024-12-12,1337.72,branch
TX0000540,C00232,2025-12-22,486.14,branch
TX0000541,C00021,2024-08-05,705.63,pos
TX0000542,C00009,2024-09-29,1117.82,pos
TX0000543,C00081,2025-06-16,905.22,branch
TX0000544,C00233,2025-05-31,363.37,branch
TX0000545,C00131,2025-01-30,206.72,pos
TX0000546,C00108,2024-09-29,1398.59,pos
TX0000547,C00146,2025-11-29,1998.12,branch
TX0000548,C00326,2025-04-10,55.55,branch
TX0000549,C00331,2026-04-11,385.06,branch
TX0000550,C00086,2025-08-03,894.73,branch
TX0000551,C00221,2024-12-20,482.37,pos
TX0000552,C00455,2024-10-28,1191.71,branch
TX0000553,C00333,2025-06-22,1893.51,pos
TX0000554,C00445,2024-11-23,35.47,pos
TX0000555,C00428,2024-05-05,1666.76,pos
TX0000556,C00472,2026-02-22,1230.4,pos
TX0000557,C00049,2025-08-16,1867.94,pos
TX0000558,C00442,2026-03-01,824.86,online
TX0000559,C00144,2025-03-14,624.89,branch
TX0000560,C00350,2026-03-20,827.37,branch
TX0000561,C00335,2025-08-15,1420.86,pos
TX0000562,C00157,2025-11-22,163.1,branch
TX0000563,C00361,2026-01-31,828.47,branch
TX0000564,C00451,2025-07-04,841.46,online
TX0000565,C00368,2025-05-20,930.85,pos
TX0000566,C00183,2025-11-30,708.54,branch
TX0000567,C00143,2024-05-14,1687.88,pos
TX0000568,C00153,2026-03-30,897.28,branch
TX0000569,C00340,2025-04-25,1968.52,pos
TX0000570,C00148,2026-03-13,793.25,branch
TX0000571,C00125,2025-05-19,958.52,online
TX0000572,C00133,2025-05-23,1194.08,online
TX0000573,C00093,2025-12-05,416.37,pos
TX0000574,C00427,2025-01-23,441.43,online
TX0000575,C00222,2026-04-01,1017.63,branch
TX0000576,C00050,2025-10-16,1365.84,online
TX0000577,C00269,2024-09-28,1822.67,branch
TX0000578,C00239,2025-02-03,447.01,pos
TX0000579,C00166,2025-09-09,407.29,branch
TX0000580,C00011,2025-09-11,1223.29,online
TX0000581,C00002,2025-09-12,182.74,pos
TX0000582,C00495,2026-02-19,1656.97,pos
TX0000583,C00273,2026-03-20,489.73,pos
TX0000584,C00430,2024-11-11,1680.59,pos
TX0000585,C00219,2025-04-23,933.49,online
TX0000586,C00378,2025-01-09,90.75,pos
TX0000587,C00378,2026-01-28,455.56,online
TX0000588,C00014,2025-09-24,506.98,online
TX0000589,C00472,2024-12-12,1971.97,pos
TX0000590,C00146,2025-10-01,1141.85,pos
TX0000591,C00303,2024-05-07,1775.14,pos
TX0000592,C00380,2026-01-04,803.7,online
TX0000593,C00018,2025-07-24,17.3,pos
TX0000594,C00346,2026-02-16,1840.35,pos
TX0000595,C00111,2025-09-16,129.17,pos
TX0000596,C00297,2025-06-11,1884.71,online
TX0000597,C00082,2025-04-17,91.47,branch
TX0000598,C00062,2024-09-10,927.97,pos
TX0000599,C00297,2025-10-04,1262.97,branch
TX0000600,C00277,2026-04-10,16.29,pos
TX0000601,C00378,2025-12-31,1097.47,branch
TX0000602,C00441,2025-11-06,1440.68,branch
TX0000603,C00142,2024-06-05,29.83,branch
TX0000604,C00395,2025-01-29,741.16,online
TX0000605,C00176,2026-01-31,911.88,online
TX0000606,C00430,2026-01-06,1216.66,online
TX0000607,C00467,2026-01-28,1570.86,branch
TX0000608,C00323,2025-06-15,675.97,online
TX0000609,C00434,2025-01-30,312.25,branch
TX0000610,C00278,2025-11-26,1514.78,branch
TX0000611,C00400,2026-03-26,49.44,branch
TX0000612,C00138,2025-12-01,1919.15,online
TX0000613,C00049,2026-02-28,1059.42,branch
TX0000614,C00096,2024-06-06,1693.41,pos
TX0000615,C00497,2025-10-12,509.38,branch
TX0000616,C00196,2025-05-25,210.76,online
TX0000617,C00494,2025-03-22,366.36,branch
TX0000618,C00186,2025-05-29,279.33,branch
TX0000619,C00484,2025-01-20,499.35,branch
TX0000620,C00005,2025-10-19,407.15,pos
TX0000621,C00131,2025-08-21,34.41,branch
TX0000622,C00265,2025-09-30,68.48,online
TX0000623,C00014,2025-11-21,315.17,online
TX0000624,C00060,2025-09-02,563.23,online
TX0000625,C00231,2024-07-30,1280.08,pos
TX0000626,C00173,2024-05-10,662.59,pos
TX0000627,C00289,2025-07-26,1086.26,pos
TX0000628,C00171,2025-05-05,529.44,branch
TX0000629,C00353,2026-02-09,1907.41,online
TX0000630,C00085,2026-03-15,108.21,pos
TX0000631,C00471,2025-08-01,597.37,online
TX0000632,C00388,2026-04-01,1971.81,pos
TX0000633,C00060,2024-11-09,288.01,pos
TX0000634,C00092,2024-10-14,797.76,pos
TX0000635,C00103,2026-04-08,1335.22,branch
TX0000636,C00225,2024-10-24,949.09,online
TX0000637,C00293,2024-08-12,1009.88,pos
TX0000638,C00395,2025-05-22,893.86,branch
TX0000639,C00015,2024-05-09,12.11,branch
TX0000640,C00060,2024-12-15,588.86,branch
TX0000641,C00276,2025-05-06,1812.46,branch
TX0000642,C00148,2026-02-11,359.2,branch
TX0000643,C00058,2025-06-30,1587.59,branch
TX0000644,C00213,2025-11-16,1359.88,branch
TX0000645,C00396,2025-11-10,681.91,branch
TX0000646,C00305,2024-10-22,1840.58,online
TX0000647,C00115,2025-02-25,865.26,online
TX0000648,C00144,2024-11-21,923.18,branch
TX0000649,C00105,2024-09-05,141.2,pos
TX0000650,C00260,2025-10-26,805.71,online
TX0000651,C00278,2024-12-25,752.22,pos
TX0000652,C00134,2025-11-23,1399.14,branch
TX0000653,C00192,2025-05-31,831.02,pos
TX0000654,C00126,2024-05-26,1146.5,branch
TX0000655,C00205,2025-01-12,1434.79,pos
TX0000656,C00011,2024-06-14,1348.64,branch
TX0000657,C00109,2025-07-08,1500.32,branch
TX0000658,C00224,2025-08-16,275.59,pos
TX0000659,C00015,2025-04-12,1892.17,pos
TX0000660,C00440,2024-05-31,1334.54,online
TX0000661,C00254,2025-09-21,1984.64,branch
TX0000662,C00250,2026-03-19,257.27,online
TX0000663,C00267,2026-04-13,1127.5,online
TX0000664,C00231,2025-01-23,215.99,pos
TX0000665,C00323,2024-12-19,1625.76,pos
TX0000666,C00026,2025-09-27,695.12,branch
TX0000667,C00224,2025-07-22,730.6,pos
TX0000668,C00443,2024-12-25,1276.43,pos
TX0000669,C00147,2025-12-12,465.34,pos
TX0000670,C00228,2026-04-13,1551.01,branch
TX0000671,C00404,2024-11-30,1434.31,pos
TX0000672,C00061,2025-09-15,1157.82,online
TX0000673,C00181,2025-04-27,42.55,pos
TX0000674,C00131,2026-02-06,1102.06,pos
TX0000675,C00277,2024-06-23,1464.15,pos
TX0000676,C00301,2025-02-25,320.22,branch
TX0000677,C00442,2024-07-09,897.66,branch
TX0000678,C00183,2026-04-09,146.4,online
TX0000679,C00256,2025-02-02,1984.55,branch
TX0000680,C00217,2025-12-17,1430.16,online
TX0000681,C00071,2025-10-24,1376.65,branch
TX0000682,C00160,2025-01-31,1807.26,online
TX0000683,C00403,2025-09-21,268.87,pos
TX0000684,C00120,2024-08-05,45.71,branch
TX0000685,C00091,2025-08-22,21.24,pos
TX0000686,C00116,2026-01-08,5.61,pos
TX0000687,C00113,2025-09-14,195.67,pos
TX0000688,C00076,2025-01-14,1061.46,branch
TX0000689,C00017,2025-01-30,294.06,online
TX0000690,C00362,2025-08-18,1167.09,branch
TX0000691,C00282,2024-12-12,1846.67,online
TX0000692,C00173,2024-07-13,226.85,branch
TX0000693,C00007,2025-07-12,43.52,pos
TX0000694,C00334,2024-06-15,1445.02,pos
TX0000695,C00261,2025-01-05,1825.66,pos
TX0000696,C00144,2025-01-10,1644.26,branch
TX0000697,C00461,2025-03-01,1134.02,pos
TX0000698,C00218,2024-08-10,570.41,branch
TX0000699,C00277,2025-08-18,1725.21,branch
TX0000700,C00137,2025-02-27,1779.55,branch
TX0000701,C00040,2024-08-28,1412.37,online
TX0000702,C00408,2024-10-06,1837.54,online
TX0000703,C00230,2026-01-26,1575.04,pos
TX0000704,C00104,2025-06-14,335.53,pos
TX0000705,C00109,2025-07-23,1614.16,online
TX0000706,C00276,2024-05-09,1726.11,pos
TX0000707,C00312,2025-12-11,84.71,online
TX0000708,C00359,2025-04-19,1705.92,online
TX0000709,C00041,2024-08-13,1275.73,branch
TX0000710,C00336,2024-09-09,753.33,branch
TX0000711,C00065,2025-01-30,874.01,branch
TX0000712,C00422,2024-12-09,1757.75,online
TX0000713,C00057,2025-04-01,870.08,pos
TX0000714,C00422,2025-10-04,1946.13,online
TX0000715,C00386,2024-08-31,493.99,branch
TX0000716,C00492,2024-12-20,1808.0,pos
TX0000717,C00093,2025-03-21,513.31,pos
TX0000718,C00071,2026-01-12,233.11,online
TX0000719,C00117,2025-10-11,1508.28,online
TX0000720,C00295,2025-01-25,200.7,branch
TX0000721,C00195,2024-05-03,1078.56,pos
TX0000722,C00143,2025-08-31,1026.93,pos
TX0000723,C00015,2025-12-29,1313.7,pos
TX0000724,C00301,2024-05-31,1586.51,pos
TX0000725,C00392,2025-08-22,1297.8,online
TX0000726,C00378,2024-05-18,1819.81,online
TX0000727,C00092,2024-04-29,1024.73,pos
TX0000728,C00395,2024-07-06,1433.28,branch
TX0000729,C00470,2024-12-01,941.22,branch
TX0000730,C00323,2025-12-25,1668.54,pos
TX0000731,C00383,2025-07-29,845.69,online
TX0000732,C00216,2025-09-15,907.83,online
TX0000733,C00020,2026-04-05,1410.74,pos
TX0000734,C00354,2025-04-05,828.97,branch
TX0000735,C00146,2024-06-04,11.89,branch
TX0000736,C00481,2024-07-04,1589.6,online
TX0000737,C00294,2024-05-29,1724.96,branch
TX0000738,C00340,2025-10-30,1351.21,online
TX0000739,C00229,2026-03-25,41.59,pos
TX0000740,C00285,2026-01-12,1417.87,online
TX0000741,C00234,2024-11-21,265.29,branch
TX0000742,C00111,2024-07-24,762.65,pos
TX0000743,C00222,2025-11-29,135.22,pos
TX0000744,C00226,2024-09-17,423.13,branch
TX0000745,C00213,2025-03-07,847.42,online
TX0000746,C00338,2024-08-19,1904.77,pos
TX0000747,C00009,2026-01-11,154.02,branch
TX0000748,C00246,2026-01-14,271.7,online
TX0000749,C00072,2026-01-09,992.18,branch
TX0000750,C00461,2025-01-31,1571.8,branch
TX0000751,C00421,2024-06-15,87.11,branch
TX0000752,C00480,2026-03-31,1706.09,online
TX0000753,C00221,2024-11-19,866.39,online
TX0000754,C00488,2024-07-16,582.48,online
TX0000755,C00475,2026-04-09,1769.5,branch
TX0000756,C00214,2026-02-06,639.66,pos
TX0000757,C00304,2025-09-06,1563.23,online
TX0000758,C00401,2024-09-30,812.71,pos
TX0000759,C00016,2024-11-03,1046.6,branch
TX0000760,C00443,2024-11-09,538.0,pos
TX0000761,C00025,2024-11-17,1289.82,online
TX0000762,C00217,2025-02-03,291.53,online
TX0000763,C00235,2025-11-16,1187.01,pos
TX0000764,C00041,2025-03-17,845.99,pos
TX0000765,C00281,2025-09-04,1719.37,branch
TX0000766,C00439,2025-11-12,762.08,branch
TX0000767,C00177,2025-09-06,1852.32,online
TX0000768,C00005,2025-12-05,1533.17,online
TX0000769,C00431,2025-08-31,1420.41,pos
TX0000770,C00061,2025-09-18,1527.41,online
TX0000771,C00046,2024-08-26,1644.03,branch
TX0000772,C00077,2025-03-11,1273.53,online
TX0000773,C00207,2026-03-28,619.22,pos
TX0000774,C00248,2026-01-01,431.05,pos
TX0000775,C00035,2026-02-19,280.62,branch
TX0000776,C00098,2025-07-15,207.46,branch
TX0000777,C00015,2025-03-06,632.66,branch
TX0000778,C00231,2025-12-04,790.19,branch
TX0000779,C00183,2025-11-03,1834.57,branch
TX0000780,C00008,2025-01-10,19.42,pos
TX0000781,C00055,2024-08-02,1527.58,pos
TX0000782,C00026,2025-02-23,566.54,online
TX0000783,C00123,2025-04-20,796.89,branch
TX0000784,C00317,2025-05-27,1477.49,online
TX0000785,C00132,2025-05-22,1279.63,branch
TX0000786,C00360,2025-07-04,1636.05,branch
TX0000787,C00493,2024-06-21,886.48,online
TX0000788,C00452,2026-04-08,728.69,online
TX0000789,C00154,2024-05-12,1570.62,branch
TX0000790,C00082,2024-06-07,1146.02,branch
TX0000791,C00456,2024-11-07,1907.43,branch
TX0000792,C00193,2025-01-31,426.81,branch
TX0000793,C00209,2025-03-15,1465.74,pos
TX0000794,C00274,2024-09-09,608.58,branch
TX0000795,C00491,2025-10-28,603.14,branch
TX0000796,C00446,2025-06-15,375.9,pos
TX0000797,C00177,2024-10-19,1636.17,pos
TX0000798,C00286,2024-11-17,1890.52,branch
TX0000799,C00070,2024-06-09,776.24,branch
TX0000800,C00105,2025-05-10,1312.61,branch
TX0000801,C00456,2025-06-10,1967.84,branch
TX0000802,C00200,2026-02-01,462.8,branch
TX0000803,C00269,2024-11-12,23.2,online
TX0000804,C00367,2025-06-13,1976.54,online
TX0000805,C00452,2025-02-09,833.3,pos
TX0000806,C00271,2026-03-06,1466.63,pos
TX0000807,C00163,2025-12-10,262.48,branch
TX0000808,C00211,2024-10-02,342.35,pos
TX0000809,C00266,2025-08-04,115.66,pos
TX0000810,C00204,2024-06-12,1876.67,pos
TX0000811,C00136,2024-04-28,1148.72,pos
TX0000812,C00032,2025-07-23,536.24,branch
TX0000813,C00061,2024-07-23,7.44,branch
TX0000814,C00203,2025-05-03,1409.81,online
TX0000815,C00139,2024-06-07,1533.3,branch
TX0000816,C00433,2024-11-27,1524.82,pos
TX0000817,C00109,2024-11-09,428.37,online
TX0000818,C00232,2026-02-25,37.29,branch
TX0000819,C00088,2024-10-09,95.93,online
TX0000820,C00414,2025-06-08,866.6,online
TX0000821,C00367,2025-09-18,1222.3,branch
TX0000822,C00008,2025-08-14,1968.35,online
TX0000823,C00431,2026-02-17,846.7,branch
TX0000824,C00446,2024-06-25,1157.29,branch
TX0000825,C00046,2024-07-28,800.34,branch
TX0000826,C00356,2026-02-18,565.48,online
TX0000827,C00154,2025-12-23,1495.11,online
TX0000828,C00129,2026-01-08,26.62,branch
TX0000829,C00297,2025-12-06,1977.41,online
TX0000830,C00154,2024-09-16,936.9,branch
TX0000831,C00259,2024-10-03,1008.87,online
TX0000832,C00236,2025-10-28,163.16,pos
TX0000833,C00209,2025-12-22,520.75,pos
TX0000834,C00319,2025-08-27,1739.61,pos
TX0000835,C00115,2026-03-18,1726.06,pos
TX0000836,C00236,2025-08-16,867.31,branch
TX0000837,C00290,2025-04-29,512.89,pos
TX0000838,C00471,2025-05-27,1496.36,pos
TX0000839,C00159,2025-01-28,700.4,branch
TX0000840,C00468,2025-09-30,1126.92,branch
TX0000841,C00251,2024-09-09,1436.59,online
TX0000842,C00499,2025-05-09,320.51,pos
TX0000843,C00122,2025-11-06,1432.43,pos
TX0000844,C00027,2026-02-14,1113.12,pos
TX0000845,C00339,2025-10-25,1088.23,branch
TX0000846,C00049,2024-07-01,761.75,branch
TX0000847,C00392,2025-07-20,1272.04,pos
TX0000848,C00452,2024-12-06,1813.04,branch
TX0000849,C00113,2024-09-22,1436.6,online
TX0000850,C00126,2026-04-18,1083.52,branch
TX0000851,C00394,2024-07-15,1536.62,pos
TX0000852,C00069,2025-04-20,1300.19,branch
TX0000853,C00318,2024-07-16,292.4,branch
TX0000854,C00440,2024-12-08,566.29,branch
TX0000855,C00283,2025-03-11,1769.95,pos
TX0000856,C00158,2024-10-22,617.27,online
TX0000857,C00290,2026-01-13,1919.23,branch
TX0000858,C00381,2025-05-14,1052.35,pos
TX0000859,C00150,2024-05-29,1898.8,branch
TX0000860,C00456,2024-06-29,553.01,branch
TX0000861,C00037,2024-10-17,1440.46,pos
TX0000862,C00179,2024-06-15,1224.7,branch
TX0000863,C00144,2024-09-16,1560.3,branch
TX0000864,C00191,2025-02-17,1752.49,branch
TX0000865,C00224,2025-04-03,631.57,online
TX0000866,C00172,2026-04-18,1650.02,online
TX0000867,C00298,2025-05-27,1640.2,online
TX0000868,C00098,2024-08-03,182.4,online
TX0000869,C00449,2025-09-15,1233.5,pos
TX0000870,C00202,2024-05-11,461.84,branch
TX0000871,C00446,2026-01-30,987.5,pos
TX0000872,C00057,2025-06-14,1987.59,pos
TX0000873,C00297,2025-09-17,945.25,online
TX0000874,C00497,2025-10-19,1064.87,pos
TX0000875,C00093,2025-11-04,1739.2,pos
TX0000876,C00030,2024-07-30,113.32,pos
TX0000877,C00251,2025-10-08,1687.75,pos
TX0000878,C00216,2025-02-17,1139.25,online
TX0000879,C00183,2024-11-12,959.66,branch
TX0000880,C00012,2026-03-02,960.88,branch
TX0000881,C00123,2025-11-24,1535.46,pos
TX0000882,C00056,2024-08-12,1437.17,branch
TX0000883,C00200,2025-04-24,533.31,online
TX0000884,C00228,2025-09-25,1436.56,online
TX0000885,C00317,2024-12-10,1931.85,online
TX0000886,C00015,2025-05-14,1034.54,branch
TX0000887,C00184,2024-08-13,42.17,branch
TX0000888,C00359,2025-10-06,118.86,pos
TX0000889,C00235,2024-06-12,1401.1,pos
TX0000890,C00475,2024-06-21,1769.98,online
TX0000891,C00287,2025-05-19,1551.48,branch
TX0000892,C00044,2024-12-17,1713.06,pos
TX0000893,C00499,2024-11-13,1624.44,online
TX0000894,C00122,2024-07-26,751.58,branch
TX0000895,C00471,2025-06-10,1953.54,pos
TX0000896,C00440,2026-03-14,1096.1,online
TX0000897,C00319,2025-08-18,806.0,branch
TX0000898,C00404,2026-01-29,1406.36,pos
TX0000899,C00454,2025-09-29,1301.13,pos
TX0000900,C00419,2025-07-11,1279.22,online
TX0000901,C00220,2025-01-15,1278.19,branch
TX0000902,C00225,2025-09-28,340.01,branch
TX0000903,C00201,2024-05-23,1859.95,online
TX0000904,C00018,2024-06-27,1959.02,branch
TX0000905,C00313,2025-06-09,1205.39,pos
TX0000906,C00441,2025-03-20,1467.19,pos
TX0000907,C00328,2025-07-08,1137.72,branch
TX0000908,C00076,2025-05-06,616.4,online
TX0000909,C00052,2024-07-10,1816.46,online
TX0000910,C00434,2025-05-11,1450.21,branch
TX0000911,C00023,2026-02-16,322.1,pos
TX0000912,C00095,2024-07-12,1443.54,online
TX0000913,C00180,2026-01-14,1306.18,branch
TX0000914,C00295,2025-12-25,1113.85,branch
TX0000915,C00380,2025-04-24,1773.09,pos
TX0000916,C00347,2025-04-28,600.63,online
TX0000917,C00496,2024-12-03,573.12,pos
TX0000918,C00228,2024-06-18,1763.06,online
TX0000919,C00135,2024-08-27,1312.0,branch
TX0000920,C00376,2026-01-17,1385.81,pos
TX0000921,C00163,2024-09-27,1605.91,branch
TX0000922,C00099,2025-03-15,902.83,branch
TX0000923,C00139,2025-09-24,1541.03,branch
TX0000924,C00383,2024-12-19,1280.37,online
TX0000925,C00052,2024-07-29,768.96,online
TX0000926,C00109,2026-03-15,23.51,pos
TX0000927,C00062,2025-10-30,1024.17,pos
TX0000928,C00330,2025-03-25,1801.33,branch
TX0000929,C00206,2024-10-26,716.8,online
TX0000930,C00254,2025-06-04,1972.99,online
TX0000931,C00126,2025-08-31,1322.07,branch
TX0000932,C00354,2024-10-31,1004.38,online
TX0000933,C00414,2025-04-26,639.05,pos
TX0000934,C00148,2025-04-22,1321.74,online
TX0000935,C00004,2024-12-05,718.88,pos
TX0000936,C00128,2025-02-13,93.93,pos
TX0000937,C00445,2026-03-30,1852.48,pos
TX0000938,C00028,2025-12-25,1573.45,branch
TX0000939,C00441,2025-09-09,1763.03,online
TX0000940,C00177,2025-10-27,240.58,branch
TX0000941,C00152,2024-11-21,1129.14,branch
TX0000942,C00251,2024-11-03,1259.49,pos
TX0000943,C00349,2025-09-24,1482.74,branch
TX0000944,C00148,2024-11-28,1767.68,online
TX0000945,C00344,2025-11-10,367.75,online
TX0000946,C00313,2025-03-08,1125.35,online
TX0000947,C00015,2025-01-30,52.8,pos
TX0000948,C00226,2025-07-03,250.26,online
TX0000949,C00130,2024-12-26,1497.86,pos
TX0000950,C00244,2025-01-22,1758.19,branch
TX0000951,C00474,2024-11-01,1154.24,online
TX0000952,C00258,2024-05-14,1398.18,online
TX0000953,C00036,2024-12-14,1885.55,online
TX0000954,C00197,2026-02-24,1806.96,pos
TX0000955,C00003,2025-06-17,614.08,online
TX0000956,C00478,2024-10-14,492.65,online
TX0000957,C00273,2025-08-24,1595.7,pos
TX0000958,C00386,2025-01-26,1215.38,online
TX0000959,C00388,2025-10-18,825.82,online
TX0000960,C00044,2025-05-15,456.06,online
TX0000961,C00193,2026-03-01,1367.64,pos
TX0000962,C00348,2025-10-25,1295.81,online
TX0000963,C00069,2025-09-06,835.56,branch
TX0000964,C00025,2025-02-23,443.24,online
TX0000965,C00344,2026-01-31,370.6,pos
TX0000966,C00349,2026-03-05,386.05,online
TX0000967,C00359,2025-12-19,1786.71,branch
TX0000968,C00489,2025-12-06,1015.85,branch
TX0000969,C00421,2024-11-18,1883.52,pos
TX0000970,C00462,2025-04-19,53.69,pos
TX0000971,C00330,2024-09-22,880.85,online
TX0000972,C00489,2024-08-04,1680.97,branch
TX0000973,C00285,2025-01-29,491.65,online
TX0000974,C00019,2025-10-20,649.63,pos
TX0000975,C00211,2025-01-22,1448.79,pos
TX0000976,C00208,2025-01-27,1969.39,online
TX0000977,C00429,2026-01-15,402.2,branch
TX0000978,C00194,2024-05-26,177.55,online
TX0000979,C00499,2025-10-19,1369.17,online
TX0000980,C00368,2026-04-01,1626.07,branch
TX0000981,C00005,2026-02-27,1386.05,pos
TX0000982,C00037,2025-11-20,833.77,pos
TX0000983,C00105,2026-01-02,259.52,branch
TX0000984,C00023,2024-05-09,1333.49,branch
TX0000985,C00361,2024-12-21,101.79,online
TX0000986,C00483,2024-06-12,18.55,branch
TX0000987,C00142,2025-10-15,1259.65,online
TX0000988,C00161,2025-08-09,617.97,branch
TX0000989,C00420,2025-06-06,702.52,online
TX0000990,C00219,2025-08-19,1775.72,pos
TX0000991,C00395,2026-03-20,1520.58,branch
TX0000992,C00224,2024-06-22,792.36,pos
TX0000993,C00186,2024-10-07,1894.8,branch
TX0000994,C00338,2026-02-27,1644.43,branch
TX0000995,C00082,2024-11-06,1615.77,pos
TX0000996,C00017,2025-03-30,1705.02,branch
TX0000997,C00366,2025-10-03,1205.61,branch
TX0000998,C00134,2026-03-10,644.7,branch
TX0000999,C00456,2025-04-06,1664.6,branch
TX0001000,C00133,2025-08-15,1545.91,online
TX0001001,C00145,2024-10-20,1904.04,pos
TX0001002,C00347,2026-02-15,1793.17,online
TX0001003,C00380,2025-06-06,1879.0,pos
TX0001004,C00008,2025-06-20,932.8,branch
TX0001005,C00118,2024-10-02,1576.88,pos
TX0001006,C00230,2025-01-26,1694.72,branch
TX0001007,C00424,2024-11-13,1156.06,online
TX0001008,C00101,2026-04-04,1541.74,branch
TX0001009,C00164,2025-10-19,916.37,pos
TX0001010,C00226,2024-12-04,1731.53,branch
TX0001011,C00047,2026-01-28,444.79,branch
TX0001012,C00301,2024-10-14,1971.13,pos
TX0001013,C00090,2025-05-10,1581.49,pos
TX0001014,C00405,2025-10-17,1734.64,branch
TX0001015,C00433,2024-05-11,1255.87,pos
TX0001016,C00029,2024-12-10,85.54,online
TX0001017,C00056,2025-07-31,1875.72,online
TX0001018,C00214,2026-03-25,400.6,branch
TX0001019,C00398,2024-12-06,281.13,branch
TX0001020,C00305,2024-09-24,518.46,online
TX0001021,C00466,2024-07-05,59.35,pos
TX0001022,C00225,2025-10-16,1745.2,online
TX0001023,C00025,2024-09-28,1889.17,online
TX0001024,C00075,2025-04-29,1726.88,online
TX0001025,C00463,2024-11-14,364.85,branch
TX0001026,C00176,2026-04-03,210.92,pos
TX0001027,C00051,2025-07-29,1099.31,branch
TX0001028,C00040,2025-08-01,449.96,branch
TX0001029,C00240,2025-02-09,1754.76,online
TX0001030,C00026,2025-04-13,1615.23,branch
TX0001031,C00192,2025-07-03,446.23,online
TX0001032,C00429,2026-02-18,1143.93,branch
TX0001033,C00103,2025-09-19,837.2,pos
TX0001034,C00437,2024-08-05,144.35,pos
TX0001035,C00442,2025-06-21,1315.36,branch
TX0001036,C00191,2025-04-30,58.78,pos
TX0001037,C00349,2025-09-18,1506.46,online
TX0001038,C00288,2024-05-10,547.55,pos
TX0001039,C00384,2024-11-06,383.52,pos
TX0001040,C00494,2025-07-15,519.64,branch
TX0001041,C00415,2025-04-14,1206.95,online
TX0001042,C00317,2024-09-08,1826.7,online
TX0001043,C00173,2026-04-11,28.41,online
TX0001044,C00484,2026-02-16,652.13,pos
TX0001045,C00018,2026-01-25,1192.22,online
TX0001046,C00500,2025-10-05,350.6,online
TX0001047,C00126,2025-04-13,141.5,pos
TX0001048,C00067,2025-09-25,1230.36,online
TX0001049,C00262,2025-03-25,1636.16,pos
TX0001050,C00008,2026-01-06,1670.73,pos
TX0001051,C00150,2025-07-24,1486.13,branch
TX0001052,C00373,2026-04-03,107.76,branch
TX0001053,C00049,2025-05-24,938.02,online
TX0001054,C00431,2025-03-09,264.44,branch
TX0001055,C00250,2025-04-05,1911.93,branch
TX0001056,C00266,2024-08-29,978.92,pos
TX0001057,C00208,2025-10-22,1242.28,pos
TX0001058,C00385,2025-04-09,372.14,online
TX0001059,C00411,2024-05-20,123.61,online
TX0001060,C00245,2025-12-25,680.85,branch
TX0001061,C00249,2024-05-07,251.93,branch
TX0001062,C00383,2025-01-19,1968.23,branch
TX0001063,C00262,2025-06-01,1745.75,online
TX0001064,C00195,2026-02-25,569.7,branch
TX0001065,C00129,2025-11-17,23.05,pos
TX0001066,C00369,2024-07-03,156.35,pos
TX0001067,C00415,2025-01-07,658.09,pos
TX0001068,C00281,2025-09-02,179.48,online
TX0001069,C00256,2025-03-12,214.05,online
TX0001070,C00344,2026-04-01,1332.55,branch
TX0001071,C00485,2024-12-07,1345.25,online
TX0001072,C00429,2025-02-16,1308.74,branch
TX0001073,C00332,2025-10-24,1706.61,online
TX0001074,C00454,2025-07-23,620.53,online
TX0001075,C00314,2024-07-30,15.59,branch
TX0001076,C00382,2025-12-01,692.18,branch
TX0001077,C00094,2025-05-13,107.79,branch
TX0001078,C00176,2025-08-13,727.62,branch
TX0001079,C00314,2026-01-15,1955.6,branch
TX0001080,C00188,2025-05-17,1713.72,online
TX0001081,C00319,2024-06-15,669.83,branch
TX0001082,C00377,2024-10-08,916.67,online
TX0001083,C00487,2025-07-26,597.0,pos
TX0001084,C00309,2025-11-05,669.08,online
TX0001085,C00137,2024-10-28,462.39,pos
TX0001086,C00131,2025-01-20,353.57,pos
TX0001087,C00391,2025-08-26,1259.01,online
TX0001088,C00447,2025-01-07,1298.18,online
TX0001089,C00220,2025-04-23,1340.88,online
TX0001090,C00031,2025-01-20,889.48,pos
TX0001091,C00224,2024-11-18,1117.03,branch
TX0001092,C00453,2025-03-07,714.81,pos
TX0001093,C00385,2025-10-09,313.45,pos
TX0001094,C00399,2025-08-21,1874.07,branch
TX0001095,C00409,2024-10-26,1097.52,online
TX0001096,C00290,2026-01-08,1456.62,pos
TX0001097,C00086,2024-09-03,389.82,pos
TX0001098,C00315,2024-09-14,708.08,pos
TX0001099,C00059,2024-11-12,432.65,branch
TX0001100,C00107,2024-12-19,563.68,pos
TX0001101,C00240,2026-02-05,147.25,pos
TX0001102,C00418,2026-02-26,1434.59,branch
TX0001103,C00417,2024-05-12,498.37,branch
TX0001104,C00419,2026-02-24,1068.03,pos
TX0001105,C00035,2024-06-01,42.92,branch
TX0001106,C00046,2024-07-17,1667.28,online
TX0001107,C00057,2026-03-02,549.76,pos
TX0001108,C00475,2024-07-18,896.3,pos
TX0001109,C00332,2024-10-30,1848.0,pos
TX0001110,C00414,2024-09-10,479.33,online
TX0001111,C00354,2026-03-01,533.69,branch
TX0001112,C00075,2024-07-21,706.21,online
TX0001113,C00372,2025-07-18,21.33,branch
TX0001114,C00386,2025-12-08,475.19,pos
TX0001115,C00392,2025-06-14,359.24,online
TX0001116,C00453,2025-12-28,31.61,online
TX0001117,C00025,2026-04-06,1351.39,branch
TX0001118,C00487,2024-10-31,1776.15,pos
TX0001119,C00365,2025-11-23,1081.72,pos
TX0001120,C00241,2026-03-22,458.61,branch
TX0001121,C00148,2026-02-16,354.54,branch
TX0001122,C00110,2024-09-22,987.65,online
TX0001123,C00068,2026-02-26,56.83,pos
TX0001124,C00004,2025-06-30,760.02,pos
TX0001125,C00297,2024-09-14,1555.91,online
TX0001126,C00320,2025-01-13,1177.25,branch
TX0001127,C00440,2026-03-29,1457.09,online
TX0001128,C00429,2025-08-27,90.94,pos
TX0001129,C00398,2025-07-26,403.85,online
TX0001130,C00342,2025-10-24,1994.79,branch
TX0001131,C00344,2024-11-05,487.71,online
TX0001132,C00298,2025-10-18,831.13,online
TX0001133,C00002,2024-06-18,157.3,pos
TX0001134,C00100,2025-04-02,1134.65,online
TX0001135,C00458,2025-11-21,863.98,branch
TX0001136,C00203,2024-07-12,1480.92,online
TX0001137,C00357,2025-04-19,644.82,branch
TX0001138,C00305,2025-05-09,256.7,branch
TX0001139,C00098,2025-10-28,525.13,online
TX0001140,C00078,2025-05-24,1699.94,pos
TX0001141,C00209,2025-05-03,1490.29,online
TX0001142,C00257,2025-10-10,1909.01,online
TX0001143,C00336,2025-02-27,859.19,pos
TX0001144,C00231,2025-06-05,1232.74,pos
TX0001145,C00406,2025-06-07,1363.37,branch
TX0001146,C00240,2025-01-01,538.61,pos
TX0001147,C00259,2025-12-07,1695.5,branch
TX0001148,C00045,2024-07-15,411.03,online
TX0001149,C00110,2024-11-20,8.87,branch
TX0001150,C00189,2025-12-06,906.29,pos
TX0001151,C00180,2025-07-19,1785.0,pos
TX0001152,C00359,2024-05-28,1610.66,pos
TX0001153,C00036,2025-08-20,950.59,pos
TX0001154,C00140,2025-07-14,1759.93,branch
TX0001155,C00050,2025-02-03,264.92,branch
TX0001156,C00462,2024-09-14,239.29,pos
TX0001157,C00222,2024-05-08,1886.72,online
TX0001158,C00126,2025-05-08,641.98,online
TX0001159,C00150,2025-10-01,22.78,branch
TX0001160,C00439,2025-11-17,1390.12,online
TX0001161,C00360,2025-04-13,1740.48,pos
TX0001162,C00197,2026-01-25,1961.24,online
TX0001163,C00317,2025-09-24,1262.16,pos
TX0001164,C00446,2025-02-16,1368.29,pos
TX0001165,C00183,2024-05-14,139.3,online
TX0001166,C00273,2024-09-05,262.25,pos
TX0001167,C00461,2024-09-15,1892.29,online
TX0001168,C00264,2024-12-22,1269.35,pos
TX0001169,C00318,2025-01-18,358.46,branch
TX0001170,C00393,2025-01-01,1228.5,branch
TX0001171,C00043,2024-04-29,196.47,pos
TX0001172,C00129,2025-06-08,965.49,branch
TX0001173,C00307,2025-09-20,382.57,pos
TX0001174,C00332,2025-12-15,213.41,branch
TX0001175,C00029,2024-05-01,647.28,online
TX0001176,C00382,2025-02-10,1848.43,online
TX0001177,C00091,2024-09-20,317.74,online
TX0001178,C00225,2025-04-15,1876.47,pos
TX0001179,C00271,2024-08-17,1029.65,online
TX0001180,C00482,2025-07-09,701.14,pos
TX0001181,C00286,2024-08-08,633.9,pos
TX0001182,C00129,2025-04-12,951.85,online
TX0001183,C00001,2026-04-03,1855.52,pos
TX0001184,C00453,2024-10-19,1968.38,online
TX0001185,C00174,2025-04-05,574.59,branch
TX0001186,C00069,2025-09-03,1620.68,branch
TX0001187,C00257,2025-04-09,1493.5,branch
TX0001188,C00037,2025-02-21,729.12,online
TX0001189,C00158,2025-03-05,1083.67,pos
TX0001190,C00285,2025-02-27,1527.69,online
TX0001191,C00023,2024-12-14,399.32,online
TX0001192,C00482,2025-03-02,762.2,online
TX0001193,C00384,2024-07-28,818.58,pos
TX0001194,C00190,2025-05-23,1439.04,online
TX0001195,C00157,2024-08-16,1652.6,branch
TX0001196,C00105,2024-11-23,1838.4,online
TX0001197,C00095,2024-10-03,284.21,online
TX0001198,C00281,2024-10-04,101.78,online
TX0001199,C00267,2025-03-04,18.25,branch
TX0001200,C00345,2025-12-17,831.47,online
TX0001201,C00316,2025-01-20,83.3,online
TX0001202,C00176,2025-07-30,1584.83,pos
TX0001203,C00413,2025-08-05,876.84,pos
TX0001204,C00245,2025-04-20,971.66,branch
TX0001205,C00180,2025-10-08,893.88,online
TX0001206,C00224,2025-05-02,803.72,pos
TX0001207,C00162,2024-06-06,140.84,pos
TX0001208,C00089,2025-04-23,1410.05,online
TX0001209,C00375,2024-05-08,1201.12,branch
TX0001210,C00148,2025-08-12,1680.9,pos
TX0001211,C00104,2025-05-22,1788.98,online
TX0001212,C00199,2024-10-25,847.69,online
TX0001213,C00063,2024-08-24,1130.18,branch
TX0001214,C00331,2025-06-14,1613.57,pos
TX0001215,C00070,2025-09-24,863.9,pos
TX0001216,C00129,2025-03-09,1541.02,branch
TX0001217,C00357,2024-08-21,1371.36,online
TX0001218,C00017,2026-01-01,97.01,branch
TX0001219,C00283,2025-01-25,835.19,online
TX0001220,C00260,2026-01-27,613.96,branch
TX0001221,C00004,2024-08-11,1010.73,pos
TX0001222,C00332,2025-02-22,17.83,branch
TX0001223,C00472,2024-10-19,639.36,pos
TX0001224,C00439,2025-11-10,908.55,branch
TX0001225,C00122,2024-12-31,987.31,online
TX0001226,C00168,2025-02-26,1586.79,branch
TX0001227,C00039,2025-10-02,1792.15,pos
TX0001228,C00180,2025-10-12,1703.26,online
TX0001229,C00176,2025-08-20,1233.25,pos
TX0001230,C00260,2026-03-16,1062.6,online
TX0001231,C00151,2025-08-05,380.42,branch
TX0001232,C00114,2026-04-05,1080.41,branch
TX0001233,C00487,2024-08-21,83.13,branch
TX0001234,C00028,2025-07-07,690.15,pos
TX0001235,C00364,2024-09-29,271.6,pos
TX0001236,C00176,2025-05-22,1140.42,pos
TX0001237,C00011,2026-02-11,387.23,online
TX0001238,C00410,2025-10-04,1187.39,online
TX0001239,C00005,2025-08-31,235.18,online
TX0001240,C00261,2025-10-22,1410.49,branch
TX0001241,C00158,2024-06-18,301.87,online
TX0001242,C00113,2024-05-08,329.55,branch
TX0001243,C00220,2025-05-11,1975.18,branch
TX0001244,C00022,2026-04-16,777.2,pos
TX0001245,C00089,2024-10-16,1620.42,online
TX0001246,C00366,2026-03-15,1871.3,branch
TX0001247,C00153,2024-08-08,1066.85,pos
TX0001248,C00267,2025-10-04,1055.11,pos
TX0001249,C00140,2024-08-07,775.14,pos
TX0001250,C00403,2025-07-22,994.33,pos
TX0001251,C00381,2025-10-19,1095.1,online
TX0001252,C00347,2024-09-11,1698.74,branch
TX0001253,C00409,2024-12-10,1701.73,online
TX0001254,C00430,2024-08-28,422.19,pos
TX0001255,C00044,2025-12-23,1665.77,pos
TX0001256,C00069,2026-03-09,1449.8,branch
TX0001257,C00059,2024-10-31,517.86,online
TX0001258,C00176,2025-12-13,598.0,online
TX0001259,C00139,2025-06-29,623.25,branch
TX0001260,C00335,2025-01-08,698.07,online
TX0001261,C00399,2025-07-08,1420.25,online
TX0001262,C00408,2025-09-13,761.12,online
TX0001263,C00174,2024-09-24,1006.97,online
TX0001264,C00088,2025-07-11,534.28,pos
TX0001265,C00013,2025-06-25,1687.5,branch
TX0001266,C00454,2025-11-09,921.37,pos
TX0001267,C00197,2026-03-19,843.52,online
TX0001268,C00050,2025-04-12,1503.79,online
TX0001269,C00265,2024-09-20,667.68,branch
TX0001270,C00249,2025-01-18,521.75,pos
TX0001271,C00317,2025-11-10,1825.36,branch
TX0001272,C00326,2025-10-21,477.73,pos
TX0001273,C00177,2024-12-08,1102.33,pos
TX0001274,C00385,2024-12-07,597.03,pos
TX0001275,C00194,2026-01-11,1007.6,branch
TX0001276,C00203,2025-11-26,1297.64,branch
TX0001277,C00444,2025-06-12,1702.22,branch
TX0001278,C00352,2025-12-06,1117.89,online
TX0001279,C00019,2024-09-14,1098.56,online
TX0001280,C00169,2024-06-06,693.8,branch
TX0001281,C00002,2025-02-28,1068.08,pos
TX0001282,C00426,2025-09-29,972.86,pos
TX0001283,C00288,2025-01-07,333.17,branch
TX0001284,C00231,2026-02-27,1064.64,online
TX0001285,C00166,2025-01-26,438.23,online
TX0001286,C00420,2026-01-24,977.04,branch
TX0001287,C00323,2024-12-26,264.81,online
TX0001288,C00072,2025-02-15,964.01,online
TX0001289,C00251,2025-11-05,1618.79,branch
TX0001290,C00216,2025-10-17,1653.15,branch
TX0001291,C00329,2025-09-28,1303.04,pos
TX0001292,C00148,2025-04-01,823.33,branch
TX0001293,C00130,2026-03-30,847.93,pos
TX0001294,C00068,2025-06-22,1350.95,online
TX0001295,C00078,2024-11-15,1298.83,branch
TX0001296,C00295,2024-06-07,1388.95,branch
TX0001297,C00329,2026-02-05,1120.01,online
TX0001298,C00151,2024-07-02,342.89,online
TX0001299,C00225,2024-11-24,321.26,online
TX0001300,C00257,2025-06-24,1045.72,online
TX0001301,C00389,2025-03-25,1238.84,branch
TX0001302,C00197,2024-10-22,479.55,online
TX0001303,C00159,2026-03-02,1665.29,branch
TX0001304,C00071,2025-06-08,342.61,pos
TX0001305,C00263,2024-06-26,1908.32,online
TX0001306,C00454,2025-07-31,1012.33,branch
TX0001307,C00087,2024-05-04,877.02,branch
TX0001308,C00258,2026-04-13,262.65,online
TX0001309,C00333,2026-02-17,1038.5,online
TX0001310,C00207,2025-03-21,1549.17,online
TX0001311,C00127,2024-07-23,1265.96,online
TX0001312,C00075,2025-02-01,1941.25,online
TX0001313,C00375,2025-05-20,335.69,online
TX0001314,C00401,2025-12-10,1371.9,pos
TX0001315,C00139,2025-11-24,751.98,pos
TX0001316,C00152,2025-08-02,383.64,online
TX0001317,C00404,2025-11-14,1493.59,pos
TX0001318,C00202,2025-01-05,1222.83,online
TX0001319,C00445,2026-01-20,684.89,online
TX0001320,C00437,2024-05-20,856.33,branch
TX0001321,C00249,2025-06-07,791.55,pos
TX0001322,C00327,2026-01-07,1471.23,pos
TX0001323,C00371,2025-11-21,697.87,pos
TX0001324,C00343,2025-01-21,1765.57,online
TX0001325,C00371,2024-06-06,1196.85,online
TX0001326,C00423,2026-03-26,748.04,pos
TX0001327,C00141,2025-04-10,1221.52,online
TX0001328,C00196,2024-06-08,1912.81,pos
TX0001329,C00488,2024-09-06,1473.44,pos
TX0001330,C00136,2024-09-24,1056.01,branch
TX0001331,C00296,2025-06-16,1641.26,online
TX0001332,C00382,2025-08-27,245.23,branch
TX0001333,C00139,2025-09-03,1080.4,pos
TX0001334,C00393,2024-09-28,235.11,branch
TX0001335,C00493,2024-07-15,683.79,branch
TX0001336,C00256,2026-04-18,1525.79,online
TX0001337,C00362,2026-01-11,480.95,online
TX0001338,C00135,2026-01-27,1693.55,pos
TX0001339,C00431,2025-04-24,1498.21,pos
TX0001340,C00275,2025-03-21,1318.85,online
TX0001341,C00029,2025-11-05,687.87,branch
TX0001342,C00379,2025-11-09,1814.87,branch
TX0001343,C00310,2024-12-06,1957.24,pos
TX0001344,C00329,2025-05-08,942.96,pos
TX0001345,C00020,2026-03-14,1833.31,pos
TX0001346,C00307,2025-02-04,666.18,pos
TX0001347,C00084,2024-07-08,582.29,pos
TX0001348,C00291,2026-03-26,841.12,online
TX0001349,C00122,2024-08-12,1221.49,pos
TX0001350,C00281,2024-08-03,1805.92,online
TX0001351,C00322,2024-06-10,631.0,branch
TX0001352,C00008,2024-06-13,183.93,pos
TX0001353,C00233,2025-04-17,574.02,pos
TX0001354,C00205,2025-11-10,1982.0,online
TX0001355,C00004,2024-09-13,19.13,branch
TX0001356,C00093,2025-05-14,1349.0,branch
TX0001357,C00477,2025-07-12,1265.58,pos
TX0001358,C00242,2025-08-24,203.12,branch
TX0001359,C00483,2025-04-09,1525.58,branch
TX0001360,C00319,2024-11-22,1786.49,pos
TX0001361,C00010,2025-10-06,1970.25,pos
TX0001362,C00035,2025-12-04,771.64,branch
TX0001363,C00058,2024-12-27,226.5,online
TX0001364,C00020,2024-10-31,370.74,pos
TX0001365,C00460,2026-03-17,165.52,online
TX0001366,C00326,2024-11-23,714.93,branch
TX0001367,C00208,2026-03-28,1823.09,pos
TX0001368,C00004,2025-12-15,1375.88,online
TX0001369,C00279,2026-02-20,1886.02,online
TX0001370,C00215,2025-09-23,492.06,online
TX0001371,C00307,2025-11-30,42.2,branch
TX0001372,C00026,2024-05-25,1009.83,branch
TX0001373,C00342,2024-12-30,973.51,branch
TX0001374,C00407,2024-11-15,330.65,branch
TX0001375,C00232,2024-12-03,657.01,online
TX0001376,C00067,2025-02-28,1098.33,branch
TX0001377,C00014,2026-04-10,457.24,online
TX0001378,C00480,2026-03-18,1504.61,pos
TX0001379,C00487,2026-02-18,1643.99,branch
TX0001380,C00461,2025-04-21,1440.82,pos
TX0001381,C00435,2026-03-07,858.72,pos
TX0001382,C00260,2024-10-16,203.25,pos
TX0001383,C00309,2024-09-08,913.82,online
TX0001384,C00180,2024-05-30,1585.24,online
TX0001385,C00102,2025-11-01,373.97,branch
TX0001386,C00469,2025-04-19,86.36,pos
TX0001387,C00112,2025-02-17,1156.02,branch
TX0001388,C00444,2024-07-20,1630.32,pos
TX0001389,C00485,2025-12-18,1616.24,pos
TX0001390,C00347,2025-06-04,1237.22,branch
TX0001391,C00272,2025-06-05,1244.51,online
TX0001392,C00024,2024-08-23,1043.83,online
TX0001393,C00440,2024-07-12,782.45,online
TX0001394,C00315,2025-02-22,90.95,online
TX0001395,C00322,2024-05-20,1436.2,branch
TX0001396,C00352,2025-09-25,647.31,pos
TX0001397,C00047,2024-10-28,814.35,branch
TX0001398,C00027,2025-10-14,932.32,branch
TX0001399,C00093,2025-01-12,126.17,online
TX0001400,C00091,2024-05-17,498.3,online
TX0001401,C00065,2025-08-26,153.11,pos
TX0001402,C00195,2026-03-13,901.56,pos
TX0001403,C00464,2025-12-01,702.52,online
TX0001404,C00349,2026-02-05,27.0,online
TX0001405,C00329,2025-07-10,942.81,pos
TX0001406,C00141,2025-01-01,237.95,online
TX0001407,C00258,2025-06-07,286.86,pos
TX0001408,C00103,2024-07-16,241.21,pos
TX0001409,C00235,2025-08-13,573.08,online
TX0001410,C00492,2025-10-04,1700.76,branch
TX0001411,C00127,2025-03-16,1810.64,online
TX0001412,C00441,2025-09-11,1808.91,online
TX0001413,C00178,2024-10-22,538.78,online
TX0001414,C00241,2025-06-20,1210.64,branch
TX0001415,C00322,2025-10-22,952.43,pos
TX0001416,C00495,2024-06-25,651.71,branch
TX0001417,C00422,2025-01-13,1168.7,branch
TX0001418,C00423,2024-04-29,1431.61,branch
TX0001419,C00491,2025-06-26,506.37,branch
TX0001420,C00239,2024-11-21,1998.27,pos
TX0001421,C00097,2024-05-02,1335.18,branch
TX0001422,C00160,2025-11-02,1040.65,pos
TX0001423,C00339,2024-08-14,1621.13,pos
TX0001424,C00171,2026-04-02,1652.66,branch
TX0001425,C00350,2025-06-16,593.06,branch
TX0001426,C00471,2024-08-31,1942.07,branch
TX0001427,C00052,2026-02-06,378.49,online
TX0001428,C00264,2025-12-29,189.07,online
TX0001429,C00028,2025-03-05,1219.23,branch
TX0001430,C00187,2024-06-01,1857.88,branch
TX0001431,C00475,2025-12-06,1739.79,pos
TX0001432,C00260,2025-12-25,1783.33,online
TX0001433,C00463,2024-06-10,1151.44,pos
TX0001434,C00439,2024-09-28,1748.19,online
TX0001435,C00204,2024-11-22,1368.02,branch
TX0001436,C00470,2025-06-26,312.4,online
TX0001437,C00135,2025-06-14,1024.31,online
TX0001438,C00087,2025-09-22,1573.23,pos
TX0001439,C00395,2024-11-17,1486.15,branch
TX0001440,C00251,2025-04-07,885.14,online
TX0001441,C00483,2025-02-04,341.89,online
TX0001442,C00231,2025-12-03,245.9,branch
TX0001443,C00179,2024-06-21,402.11,branch
TX0001444,C00481,2025-02-27,1465.82,online
TX0001445,C00428,2024-10-06,453.85,online
TX0001446,C00065,2025-07-16,149.59,online
TX0001447,C00325,2024-05-11,1752.59,pos
TX0001448,C00194,2026-03-11,1250.81,branch
TX0001449,C00038,2025-04-21,1400.36,pos
TX0001450,C00143,2025-03-02,493.79,pos
TX0001451,C00284,2025-07-03,1311.55,online
TX0001452,C00446,2025-07-17,163.2,branch
TX0001453,C00117,2025-10-12,1392.02,online
TX0001454,C00387,2024-07-23,1592.61,pos
TX0001455,C00233,2024-07-23,180.92,branch
TX0001456,C00039,2024-09-05,458.38,branch
TX0001457,C00132,2026-01-05,725.17,pos
TX0001458,C00261,2025-04-15,80.84,branch
TX0001459,C00050,2026-02-28,1605.27,branch
TX0001460,C00046,2024-05-10,1091.17,pos
TX0001461,C00089,2025-07-08,852.72,branch
TX0001462,C00407,2024-08-03,1026.64,pos
TX0001463,C00370,2025-06-03,1743.57,branch
TX0001464,C00332,2025-10-22,1360.9,pos
TX0001465,C00216,2026-01-29,1833.06,branch
TX0001466,C00280,2026-01-23,440.7,online
TX0001467,C00489,2025-11-13,1586.6,online
TX0001468,C00131,2026-01-16,944.44,online
TX0001469,C00162,2025-04-30,643.36,online
TX0001470,C00228,2025-12-18,1313.56,online
TX0001471,C00145,2025-01-02,920.72,pos
TX0001472,C00089,2025-10-22,667.32,pos
TX0001473,C00075,2024-07-01,196.44,online
TX0001474,C00170,2025-05-03,873.74,online
TX0001475,C00148,2024-06-24,1990.18,online
TX0001476,C00078,2024-07-13,157.29,branch
TX0001477,C00495,2025-09-19,659.86,pos
TX0001478,C00213,2025-10-11,951.48,online
TX0001479,C00381,2025-07-20,1041.98,branch
TX0001480,C00077,2025-10-19,551.97,pos
TX0001481,C00343,2025-01-26,491.29,branch
TX0001482,C00285,2025-07-03,1142.8,online
TX0001483,C00274,2024-05-02,1712.32,pos
TX0001484,C00072,2026-03-05,1357.99,branch
TX0001485,C00370,2025-09-08,140.41,online
TX0001486,C00190,2024-11-24,1491.42,online
TX0001487,C00091,2025-12-16,1641.04,branch
TX0001488,C00460,2024-09-27,1147.48,online
TX0001489,C00302,2025-07-13,854.95,pos
TX0001490,C00187,2024-06-01,1573.73,online
TX0001491,C00342,2025-12-29,561.82,branch
TX0001492,C00026,2025-09-02,1671.68,pos
TX0001493,C00339,2024-06-30,1605.46,pos
TX0001494,C00398,2025-04-17,1346.24,branch
TX0001495,C00388,2024-11-17,620.24,pos
TX0001496,C00326,2024-07-12,606.9,online
TX0001497,C00245,2025-12-10,323.48,branch
TX0001498,C00167,2024-11-06,473.03,branch
TX0001499,C00320,2025-09-02,472.92,online
TX0001500,C00229,2024-09-06,343.87,pos
TX0001501,C00316,2026-03-11,1824.87,online
TX0001502,C00020,2025-05-25,532.59,pos
TX0001503,C00276,2024-08-09,271.41,online
TX0001504,C00008,2024-10-28,512.64,pos
TX0001505,C00148,2026-03-29,403.2,pos
TX0001506,C00247,2025-05-08,117.04,pos
TX0001507,C00029,2024-08-11,448.44,branch
TX0001508,C00083,2025-10-13,1864.32,pos
TX0001509,C00217,2025-12-24,544.47,pos
TX0001510,C00241,2025-04-16,1106.4,pos
TX0001511,C00191,2024-09-11,1219.36,pos
TX0001512,C00275,2025-02-20,1626.73,branch
TX0001513,C00464,2025-06-30,641.8,branch
TX0001514,C00223,2026-03-25,889.01,branch
TX0001515,C00294,2026-01-07,716.13,branch
TX0001516,C00200,2025-08-14,1212.36,online
TX0001517,C00142,2025-09-22,1615.22,pos
TX0001518,C00033,2025-02-09,1755.63,branch
TX0001519,C00392,2025-11-13,694.05,branch
TX0001520,C00406,2025-02-10,891.42,pos
TX0001521,C00115,2025-06-05,482.43,online
TX0001522,C00493,2025-03-14,923.07,online
TX0001523,C00281,2024-10-24,718.28,online
TX0001524,C00123,2025-10-27,111.75,online
TX0001525,C00228,2025-10-05,268.38,pos
TX0001526,C00474,2026-03-11,1293.0,online
TX0001527,C00048,2025-03-10,122.42,online
TX0001528,C00217,2025-08-03,8.08,pos
TX0001529,C00480,2024-07-03,1713.84,branch
TX0001530,C00011,2024-12-30,312.72,pos
TX0001531,C00036,2025-06-14,1160.3,online
TX0001532,C00348,2025-04-18,817.89,online
TX0001533,C00010,2024-05-29,801.77,branch
TX0001534,C00299,2025-01-06,995.36,online
TX0001535,C00191,2025-11-17,1248.7,pos
TX0001536,C00100,2025-01-24,527.97,branch
TX0001537,C00314,2025-11-25,1233.17,online
TX0001538,C00268,2025-05-10,848.04,branch
TX0001539,C00306,2025-06-17,695.96,pos
TX0001540,C00408,2026-03-02,1331.84,pos
TX0001541,C00368,2025-10-07,1016.45,online
TX0001542,C00293,2026-02-04,1096.61,pos
TX0001543,C00200,2024-06-20,1059.21,online
TX0001544,C00036,2026-01-08,1551.8,branch
TX0001545,C00398,2024-07-14,1911.88,branch
TX0001546,C00368,2025-12-30,1386.45,branch
TX0001547,C00492,2025-11-20,1172.04,pos
TX0001548,C00019,2025-12-09,1895.82,pos
TX0001549,C00107,2024-11-08,1122.2,pos
TX0001550,C00242,2026-01-21,1963.31,pos
TX0001551,C00391,2025-03-28,1164.51,branch
TX0001552,C00390,2025-07-01,475.79,online
TX0001553,C00466,2026-01-04,1762.42,online
TX0001554,C00306,2026-03-19,368.01,online
TX0001555,C00231,2024-12-13,1940.38,online
TX0001556,C00432,2026-01-18,967.42,online
TX0001557,C00054,2025-06-20,885.99,online
TX0001558,C00239,2025-08-23,270.84,pos
TX0001559,C00410,2025-01-23,435.81,online
TX0001560,C00019,2025-04-28,1361.62,branch
TX0001561,C00204,2025-10-27,1209.22,branch
TX0001562,C00016,2025-01-02,1652.05,online
TX0001563,C00008,2025-06-16,37.06,branch
TX0001564,C00116,2026-02-24,1840.42,pos
TX0001565,C00355,2025-10-16,1267.6,branch
TX0001566,C00003,2025-11-08,809.06,branch
TX0001567,C00317,2024-05-31,1826.92,pos
TX0001568,C00423,2024-05-21,1000.62,pos
TX0001569,C00005,2025-12-07,755.34,pos
TX0001570,C00109,2024-05-06,1614.01,online
TX0001571,C00095,2024-05-11,1635.72,pos
TX0001572,C00177,2025-02-28,827.89,pos
TX0001573,C00004,2024-10-31,404.78,branch
TX0001574,C00029,2026-02-04,1495.24,online
TX0001575,C00473,2025-01-24,754.34,online
TX0001576,C00168,2025-02-25,1218.9,pos
TX0001577,C00428,2024-08-06,1204.92,online
TX0001578,C00197,2024-07-15,754.92,branch
TX0001579,C00264,2024-07-26,1041.96,pos
TX0001580,C00263,2025-02-13,81.08,pos
TX0001581,C00402,2025-07-25,1273.99,branch
TX0001582,C00058,2025-09-20,1683.51,branch
TX0001583,C00053,2024-09-18,800.77,branch
TX0001584,C00204,2025-01-20,1493.46,pos
TX0001585,C00274,2025-08-23,107.35,online
TX0001586,C00449,2025-12-25,119.86,pos
TX0001587,C00448,2025-10-29,1939.8,pos
TX0001588,C00108,2025-09-26,1709.19,branch
TX0001589,C00028,2026-04-14,336.02,online
TX0001590,C00188,2024-05-25,1413.78,online
TX0001591,C00260,2025-03-04,108.9,pos
TX0001592,C00475,2025-08-08,1978.46,pos
TX0001593,C00195,2025-10-30,1174.63,pos
TX0001594,C00461,2026-03-25,1174.1,online
TX0001595,C00136,2024-06-06,271.14,branch
TX0001596,C00316,2024-12-02,1754.13,online
TX0001597,C00150,2026-01-26,1686.28,pos
TX0001598,C00106,2024-09-29,643.4,pos
TX0001599,C00029,2026-03-28,478.77,pos
TX0001600,C00395,2025-02-08,346.33,online
TX0001601,C00052,2024-11-10,174.71,online
TX0001602,C00252,2025-09-12,1322.31,branch
TX0001603,C00438,2025-03-19,235.28,pos
TX0001604,C00310,2026-03-08,364.48,pos
TX0001605,C00479,2024-08-07,750.95,pos
TX0001606,C00319,2025-11-12,1229.71,pos
TX0001607,C00014,2025-08-10,721.25,online
TX0001608,C00366,2026-03-30,1416.28,online
TX0001609,C00276,2025-03-19,647.4,online
TX0001610,C00450,2024-11-18,332.93,pos
TX0001611,C00164,2025-09-30,1006.2,online
TX0001612,C00233,2026-01-01,1466.21,pos
TX0001613,C00114,2025-03-31,828.45,online
TX0001614,C00322,2026-03-05,463.09,pos
TX0001615,C00164,2025-07-09,634.69,branch
TX0001616,C00183,2024-08-13,1893.93,branch
TX0001617,C00008,2024-12-04,663.62,branch
TX0001618,C00190,2025-02-22,58.74,online
TX0001619,C00043,2025-12-05,1213.51,pos
TX0001620,C00382,2025-12-18,1337.4,branch
TX0001621,C00260,2025-04-01,54.86,pos
TX0001622,C00365,2025-11-02,219.9,online
TX0001623,C00418,2025-05-04,1085.34,branch
TX0001624,C00353,2024-08-28,1098.01,online
TX0001625,C00451,2025-07-17,1251.95,online
TX0001626,C00357,2025-01-26,1099.34,branch
TX0001627,C00420,2026-04-12,831.85,online
TX0001628,C00379,2025-04-27,1673.21,branch
TX0001629,C00472,2026-04-12,1016.98,pos
TX0001630,C00164,2025-03-24,262.25,branch
TX0001631,C00142,2024-08-09,1238.76,pos
TX0001632,C00342,2025-10-05,1606.83,pos
TX0001633,C00428,2024-05-13,1485.34,pos
TX0001634,C00383,2024-05-25,255.66,online
TX0001635,C00041,2024-12-22,539.56,online
TX0001636,C00468,2025-05-10,940.21,online
TX0001637,C00389,2024-08-26,1760.74,branch
TX0001638,C00006,2024-12-08,1102.88,online
TX0001639,C00264,2024-10-12,908.93,branch
TX0001640,C00221,2024-11-12,773.68,online
TX0001641,C00427,2024-05-17,610.01,branch
TX0001642,C00259,2025-05-29,958.23,online
TX0001643,C00377,2025-11-16,690.46,online
TX0001644,C00024,2025-03-10,53.67,online
TX0001645,C00268,2025-07-26,592.77,pos
TX0001646,C00275,2025-01-31,1336.86,branch
TX0001647,C00047,2025-03-27,975.43,online
TX0001648,C00410,2024-07-14,1503.33,branch
TX0001649,C00451,2025-03-09,75.61,online
TX0001650,C00387,2025-04-12,793.18,pos
TX0001651,C00423,2025-01-26,1398.45,pos
TX0001652,C00429,2024-09-03,1588.76,pos
TX0001653,C00451,2025-11-08,1793.78,branch
TX0001654,C00443,2025-06-28,53.02,pos
TX0001655,C00205,2024-10-11,13.91,pos
TX0001656,C00273,2024-05-12,1106.26,pos
TX0001657,C00130,2025-02-22,418.88,online
TX0001658,C00024,2025-09-18,1724.92,branch
TX0001659,C00058,2024-10-01,1229.68,pos
TX0001660,C00140,2025-04-04,1158.0,online
TX0001661,C00053,2025-09-25,1728.29,online
TX0001662,C00432,2025-06-16,480.89,branch
TX0001663,C00198,2024-09-13,1734.97,pos
TX0001664,C00338,2024-07-06,1258.48,branch
TX0001665,C00495,2025-03-02,1212.19,branch
TX0001666,C00042,2025-05-07,840.45,pos
TX0001667,C00209,2025-09-07,810.52,branch
TX0001668,C00308,2024-09-02,1785.7,online
TX0001669,C00073,2024-10-27,153.84,branch
TX0001670,C00495,2026-04-14,385.12,pos
TX0001671,C00277,2025-03-20,1889.71,branch
TX0001672,C00464,2024-07-10,789.48,online
TX0001673,C00372,2025-11-25,1384.99,pos
TX0001674,C00316,2024-12-04,1278.73,pos
TX0001675,C00123,2024-12-20,1958.31,branch
TX0001676,C00140,2026-03-16,1088.41,pos
TX0001677,C00153,2025-05-08,1522.65,pos
TX0001678,C00318,2025-12-12,1684.56,branch
TX0001679,C00126,2025-10-07,906.8,branch
TX0001680,C00211,2026-04-03,552.95,branch
TX0001681,C00066,2024-05-31,1159.91,online
TX0001682,C00364,2024-10-30,848.42,branch
TX0001683,C00250,2026-01-23,1038.51,online
TX0001684,C00471,2025-05-25,1102.4,pos
TX0001685,C00370,2025-12-28,1396.59,pos
TX0001686,C00330,2025-11-03,1058.37,online
TX0001687,C00137,2026-04-14,1140.41,pos
TX0001688,C00073,2026-01-13,424.23,pos
TX0001689,C00242,2025-07-15,237.9,pos
TX0001690,C00010,2024-06-18,1163.62,online
TX0001691,C00038,2024-08-09,480.11,online
TX0001692,C00455,2025-11-12,241.36,online
TX0001693,C00369,2025-12-15,1887.26,branch
TX0001694,C00098,2024-09-23,222.15,online
TX0001695,C00264,2025-06-21,529.27,pos
TX0001696,C00317,2025-03-23,282.23,online
TX0001697,C00312,2025-06-18,253.54,pos
TX0001698,C00341,2024-07-17,154.92,branch
TX0001699,C00460,2024-11-05,1150.8,pos
TX0001700,C00111,2024-08-23,1894.96,online
TX0001701,C00204,2025-09-10,1762.45,online
TX0001702,C00208,2024-08-25,985.03,online
TX0001703,C00066,2025-10-21,1628.3,online
TX0001704,C00221,2024-07-02,1766.52,pos
TX0001705,C00167,2024-12-06,1916.69,branch
TX0001706,C00432,2024-07-11,1700.08,branch
TX0001707,C00441,2025-07-26,128.8,pos
TX0001708,C00043,2025-01-22,1526.06,branch
TX0001709,C00252,2025-09-08,865.67,branch
TX0001710,C00353,2026-04-05,575.49,pos
TX0001711,C00467,2025-08-30,1051.18,pos
TX0001712,C00253,2025-04-16,192.68,branch
TX0001713,C00335,2025-12-23,308.74,pos
TX0001714,C00070,2025-03-06,295.87,online
TX0001715,C00119,2026-01-11,1672.94,pos
TX0001716,C00161,2024-08-11,1773.67,branch
TX0001717,C00076,2025-10-19,148.57,online
TX0001718,C00408,2025-04-10,177.46,pos
TX0001719,C00296,2025-05-28,1212.27,branch
TX0001720,C00265,2025-05-17,1580.69,pos
TX0001721,C00104,2024-09-15,1551.87,pos
TX0001722,C00257,2025-09-08,597.14,pos
TX0001723,C00460,2024-12-29,1763.33,online
TX0001724,C00206,2025-12-10,1136.2,online
TX0001725,C00060,2024-09-11,304.72,pos
TX0001726,C00043,2026-02-09,1216.63,branch
TX0001727,C00441,2025-09-14,496.42,online
TX0001728,C00045,2025-11-30,124.57,branch
TX0001729,C00294,2025-06-16,1896.17,online
TX0001730,C00394,2025-05-22,684.98,branch
TX0001731,C00108,2024-10-06,1210.4,online
TX0001732,C00302,2025-11-22,1337.76,online
TX0001733,C00130,2026-02-13,1784.82,branch
TX0001734,C00475,2025-07-30,1698.98,branch
TX0001735,C00357,2024-11-02,77.22,branch
TX0001736,C00418,2026-03-19,929.34,branch
TX0001737,C00430,2024-10-22,1412.38,branch
TX0001738,C00014,2025-09-28,186.83,pos
TX0001739,C00278,2024-12-20,451.68,online
TX0001740,C00074,2025-12-15,1934.6,branch
TX0001741,C00463,2025-05-30,1834.66,branch
TX0001742,C00029,2025-11-18,1083.58,branch
TX0001743,C00064,2025-06-15,1093.49,pos
TX0001744,C00310,2024-09-05,153.62,branch
TX0001745,C00055,2026-01-21,518.56,branch
TX0001746,C00285,2025-04-15,609.77,branch
TX0001747,C00107,2024-09-18,1638.02,branch
TX0001748,C00426,2026-03-20,1989.92,branch
TX0001749,C00353,2024-08-27,725.76,branch
TX0001750,C00069,2024-10-04,871.37,online
TX0001751,C00306,2025-10-22,776.0,online
TX0001752,C00158,2025-11-09,886.57,branch
TX0001753,C00092,2025-09-10,747.23,online
TX0001754,C00250,2025-09-12,317.81,branch
TX0001755,C00370,2026-03-12,80.25,online
TX0001756,C00196,2025-07-06,1708.76,online
TX0001757,C00421,2025-10-21,1901.84,online
TX0001758,C00318,2025-03-05,1492.19,pos
TX0001759,C00413,2024-07-22,563.87,pos
TX0001760,C00451,2024-10-20,626.54,online
TX0001761,C00418,2024-10-27,745.33,pos
TX0001762,C00332,2024-05-05,482.04,online
TX0001763,C00153,2025-06-27,171.07,online
TX0001764,C00057,2025-11-15,527.84,pos
TX0001765,C00131,2024-10-24,1754.29,online
TX0001766,C00435,2025-07-15,1657.41,online
TX0001767,C00194,2025-08-25,921.68,pos
TX0001768,C00119,2024-10-11,1329.84,branch
TX0001769,C00094,2025-11-03,1101.57,online
TX0001770,C00309,2025-04-17,1339.39,branch
TX0001771,C00471,2026-01-08,1603.84,pos
TX0001772,C00040,2025-09-06,1309.44,pos
TX0001773,C00419,2025-11-21,703.21,branch
TX0001774,C00397,2024-06-01,1626.86,pos
TX0001775,C00247,2024-11-15,1270.52,branch
TX0001776,C00119,2024-05-13,1618.9,branch
TX0001777,C00308,2025-12-24,416.54,pos
TX0001778,C00047,2025-05-07,1587.92,online
TX0001779,C00094,2025-10-08,327.99,pos
TX0001780,C00301,2026-01-30,293.81,pos
TX0001781,C00163,2026-01-16,1835.35,branch
TX0001782,C00047,2025-09-13,292.74,online
TX0001783,C00085,2024-08-29,1554.53,branch
TX0001784,C00428,2025-08-08,1160.95,pos
TX0001785,C00324,2024-12-07,250.04,online
TX0001786,C00054,2024-11-26,184.58,online
TX0001787,C00103,2024-05-13,1753.05,pos
TX0001788,C00126,2025-10-24,966.16,online
TX0001789,C00114,2025-10-04,201.13,pos
TX0001790,C00134,2025-02-17,810.28,online
TX0001791,C00290,2024-07-30,289.02,online
TX0001792,C00259,2024-11-03,653.07,branch
TX0001793,C00239,2025-10-19,1352.09,branch
TX0001794,C00192,2024-07-11,1431.59,online
TX0001795,C00306,2025-02-07,1846.11,pos
TX0001796,C00211,2025-04-11,1940.41,pos
TX0001797,C00361,2026-04-11,1952.59,pos
TX0001798,C00071,2025-08-30,1427.96,online
TX0001799,C00225,2026-03-02,246.84,online
TX0001800,C00438,2025-09-15,990.37,online
TX0001801,C00180,2026-02-01,1013.37,online
TX0001802,C00266,2025-09-27,1263.76,pos
TX0001803,C00158,2025-03-28,896.73,online
TX0001804,C00142,2024-08-15,1005.6,pos
TX0001805,C00278,2024-06-20,780.91,online
TX0001806,C00315,2026-01-18,1797.33,branch
TX0001807,C00164,2025-03-28,973.71,online
TX0001808,C00276,2026-01-29,1804.7,pos
TX0001809,C00372,2025-04-14,471.25,online
TX0001810,C00173,2026-01-06,94.35,online
TX0001811,C00425,2024-09-20,1524.86,pos
TX0001812,C00046,2026-03-19,1962.77,online
TX0001813,C00348,2024-05-01,262.52,branch
TX0001814,C00059,2024-10-13,1582.03,pos
TX0001815,C00069,2025-09-25,841.68,online
TX0001816,C00363,2024-06-11,627.44,online
TX0001817,C00006,2024-12-11,1166.84,online
TX0001818,C00003,2025-06-25,1551.76,online
TX0001819,C00385,2024-05-12,209.62,online
TX0001820,C00281,2026-02-20,1437.42,branch
TX0001821,C00241,2025-02-08,1571.94,pos
TX0001822,C00393,2025-12-13,147.2,pos
TX0001823,C00294,2025-09-17,848.46,online
TX0001824,C00205,2026-02-04,1920.29,online
TX0001825,C00395,2026-02-02,1020.72,pos
TX0001826,C00241,2025-09-04,867.31,branch
TX0001827,C00440,2025-12-08,1423.37,pos
TX0001828,C00292,2025-05-05,1333.57,online
TX0001829,C00341,2026-03-01,210.31,online
TX0001830,C00441,2024-08-07,377.95,online
TX0001831,C00429,2026-03-05,1733.82,pos
TX0001832,C00371,2024-08-12,1655.51,online
TX0001833,C00204,2024-11-30,1485.98,pos
TX0001834,C00005,2025-08-17,470.18,branch
TX0001835,C00496,2025-11-06,1678.64,online
TX0001836,C00472,2026-03-01,1289.93,pos
TX0001837,C00239,2025-06-14,1469.01,branch
TX0001838,C00286,2024-09-03,1791.11,pos
TX0001839,C00148,2024-06-25,1102.84,pos
TX0001840,C00087,2025-05-11,7.21,branch
TX0001841,C00009,2025-09-27,895.56,online
TX0001842,C00185,2025-12-29,761.37,branch
TX0001843,C00493,2025-07-29,1281.24,branch
TX0001844,C00164,2025-12-27,54.02,online
TX0001845,C00292,2025-05-13,840.8,online
TX0001846,C00036,2024-05-03,1579.13,online
TX0001847,C00332,2024-09-16,1881.8,pos
TX0001848,C00455,2026-03-22,870.8,online
TX0001849,C00143,2024-08-01,1161.95,branch
TX0001850,C00365,2026-04-09,1246.82,branch
TX0001851,C00095,2025-07-21,870.34,branch
TX0001852,C00032,2025-04-11,736.61,pos
TX0001853,C00247,2025-09-06,511.31,online
TX0001854,C00138,2024-07-28,1233.54,online
TX0001855,C00494,2025-10-23,1279.92,branch
TX0001856,C00334,2025-10-24,1760.95,pos
TX0001857,C00419,2025-04-26,41.35,online
TX0001858,C00147,2025-08-12,1352.15,online
TX0001859,C00334,2025-08-14,1348.12,pos
TX0001860,C00159,2026-04-10,881.1,branch
TX0001861,C00360,2026-01-05,162.21,branch
TX0001862,C00386,2025-11-27,1781.41,pos
TX0001863,C00474,2026-03-30,670.89,pos
TX0001864,C00286,2024-05-27,1757.04,online
TX0001865,C00249,2025-11-13,29.56,branch
TX0001866,C00132,2026-03-12,621.05,online
TX0001867,C00162,2024-05-21,1165.81,pos
TX0001868,C00035,2024-08-30,499.37,online
TX0001869,C00147,2024-07-24,33.58,pos
TX0001870,C00047,2025-05-25,1502.16,online
TX0001871,C00487,2025-07-13,218.7,branch
TX0001872,C00005,2025-09-15,1632.06,online
TX0001873,C00276,2024-06-26,239.76,online
TX0001874,C00389,2025-11-29,1082.37,online
TX0001875,C00456,2025-01-01,1697.46,branch
TX0001876,C00002,2025-01-18,739.12,online
TX0001877,C00111,2024-05-23,1473.65,pos
TX0001878,C00456,2025-11-04,1209.52,pos
TX0001879,C00167,2025-05-30,1157.15,online
TX0001880,C00121,2025-08-01,312.39,pos
TX0001881,C00069,2025-08-31,267.87,pos
TX0001882,C00416,2026-03-21,1635.99,online
TX0001883,C00484,2025-10-29,1262.05,pos
TX0001884,C00153,2026-01-06,1025.46,online
TX0001885,C00496,2025-07-11,664.06,pos
TX0001886,C00161,2024-11-24,412.89,branch
TX0001887,C00082,2025-05-30,37.06,pos
TX0001888,C00398,2024-12-14,1269.25,online
TX0001889,C00027,2025-06-01,886.25,branch
TX0001890,C00043,2025-08-13,1735.72,online
TX0001891,C00374,2026-04-03,1201.61,online
TX0001892,C00166,2024-05-14,899.64,branch
TX0001893,C00438,2026-02-07,1371.35,pos
TX0001894,C00271,2025-01-02,1006.82,branch
TX0001895,C00321,2025-07-14,1860.27,pos
TX0001896,C00298,2025-12-11,1044.42,branch
TX0001897,C00498,2024-09-21,843.92,branch
TX0001898,C00085,2025-08-26,73.03,online
TX0001899,C00458,2025-02-10,1083.81,branch
TX0001900,C00454,2024-12-10,454.94,online
TX0001901,C00398,2026-01-10,730.37,branch
TX0001902,C00357,2025-11-26,1415.58,online
TX0001903,C00173,2026-01-03,549.82,online
TX0001904,C00057,2025-04-20,1215.14,branch
TX0001905,C00406,2025-09-23,480.43,branch
TX0001906,C00232,2025-03-06,762.25,online
TX0001907,C00328,2024-04-28,1461.96,branch
TX0001908,C00395,2024-07-03,1620.79,online
TX0001909,C00394,2024-10-23,1344.07,branch
TX0001910,C00385,2026-03-17,1681.61,pos
TX0001911,C00208,2026-03-26,1325.43,pos
TX0001912,C00049,2026-03-27,1870.19,branch
TX0001913,C00159,2024-10-27,1323.37,online
TX0001914,C00365,2026-04-04,865.85,pos
TX0001915,C00442,2025-12-03,530.96,branch
TX0001916,C00380,2024-10-22,186.55,pos
TX0001917,C00146,2025-06-15,1145.04,pos
TX0001918,C00139,2024-10-17,661.52,pos
TX0001919,C00288,2024-10-22,1991.66,online
TX0001920,C00409,2025-02-23,56.88,online
TX0001921,C00005,2025-01-29,334.67,branch
TX0001922,C00175,2025-01-12,33.4,online
TX0001923,C00164,2026-01-07,118.1,online
TX0001924,C00395,2024-11-28,119.68,branch
TX0001925,C00241,2025-03-19,1975.74,branch
TX0001926,C00426,2026-01-25,155.71,branch
TX0001927,C00327,2025-07-15,1571.84,branch
TX0001928,C00082,2025-07-18,1709.24,pos
TX0001929,C00103,2024-11-04,342.92,pos
TX0001930,C00434,2026-03-06,497.24,branch
TX0001931,C00194,2026-03-01,1929.43,pos
TX0001932,C00464,2026-02-18,1858.58,online
TX0001933,C00407,2025-06-14,706.42,online
TX0001934,C00487,2025-06-22,1189.95,online
TX0001935,C00479,2025-10-13,250.42,online
TX0001936,C00271,2024-10-16,1954.13,branch
TX0001937,C00185,2025-01-19,81.64,pos
TX0001938,C00302,2025-06-20,447.56,online
TX0001939,C00384,2024-11-14,461.68,pos
TX0001940,C00192,2024-08-27,1753.57,online
TX0001941,C00093,2025-08-14,240.4,online
TX0001942,C00471,2024-08-26,634.41,online
TX0001943,C00318,2025-01-04,411.8,branch
TX0001944,C00156,2025-12-14,1788.15,online
TX0001945,C00407,2025-07-09,1829.28,online
TX0001946,C00109,2026-02-21,791.43,branch
TX0001947,C00257,2025-12-05,1667.1,online
TX0001948,C00129,2025-12-31,1917.9,pos
TX0001949,C00011,2026-03-25,1824.47,branch
TX0001950,C00414,2024-05-26,1994.12,online
TX0001951,C00401,2025-09-10,815.05,pos
TX0001952,C00268,2024-11-04,531.53,online
TX0001953,C00032,2024-04-29,1795.13,online
TX0001954,C00315,2024-11-22,680.15,online
TX0001955,C00445,2026-04-08,1594.67,pos
TX0001956,C00395,2026-03-05,1858.86,pos
TX0001957,C00441,2025-06-23,1277.25,online
TX0001958,C00077,2024-11-04,1385.7,pos
TX0001959,C00203,2024-07-09,579.25,branch
TX0001960,C00124,2026-01-17,111.3,pos
TX0001961,C00219,2025-04-29,1080.18,branch
TX0001962,C00437,2025-09-11,1836.06,online
TX0001963,C00496,2025-06-20,1865.53,branch
TX0001964,C00465,2024-07-10,845.2,branch
TX0001965,C00443,2025-10-24,400.37,branch
TX0001966,C00273,2025-12-04,250.16,online
TX0001967,C00338,2025-05-18,476.57,pos
TX0001968,C00005,2025-07-05,471.45,pos
TX0001969,C00189,2024-05-22,130.65,branch
TX0001970,C00101,2024-12-08,330.72,pos
TX0001971,C00492,2024-07-26,1466.0,branch
TX0001972,C00409,2025-07-30,440.68,pos
TX0001973,C00339,2024-08-22,104.56,pos
TX0001974,C00307,2025-02-16,163.08,branch
TX0001975,C00015,2025-06-28,211.64,online
TX0001976,C00167,2024-07-27,313.49,branch
TX0001977,C00439,2026-04-14,335.45,online
TX0001978,C00293,2024-10-05,204.83,pos
TX0001979,C00148,2025-12-21,1206.61,pos
TX0001980,C00205,2026-03-15,1674.39,branch
TX0001981,C00062,2025-09-26,308.27,pos
TX0001982,C00315,2026-01-17,587.63,pos
TX0001983,C00282,2025-05-10,893.07,branch
TX0001984,C00294,2026-01-13,1554.88,pos
TX0001985,C00345,2025-08-01,958.93,branch
TX0001986,C00005,2024-06-27,1476.0,online
TX0001987,C00089,2026-02-04,614.39,branch
TX0001988,C00024,2024-07-15,175.31,branch
TX0001989,C00028,2025-09-29,623.52,branch
TX0001990,C00401,2025-07-23,1632.26,pos
TX0001991,C00489,2024-07-02,1706.24,branch
TX0001992,C00223,2025-08-01,523.77,online
TX0001993,C00109,2025-01-25,756.51,branch
TX0001994,C00470,2024-08-18,779.4,branch
TX0001995,C00376,2024-09-25,1380.38,online
TX0001996,C00409,2024-10-27,1854.65,pos
TX0001997,C00216,2024-11-23,893.95,pos
TX0001998,C00171,2025-04-29,430.94,online
TX0001999,C00320,2025-06-06,119.51,online
TX0002000,C00091,2024-08-23,366.56,pos
